ISO-10303-21;
HEADER;
FILE_DESCRIPTION (( 'STEP AP214' ),
    '1' );
FILE_NAME ('JR400.STEP',
    '2025-08-09T20:07:28',
    ( 'LENOVO' ),
    ( '' ),
    'SwSTEP 2.0',
    'SolidWorks 2021',
    '' );
FILE_SCHEMA (( 'AUTOMOTIVE_DESIGN' ));
ENDSEC;

DATA;
#1 = ORIENTED_EDGE ( 'NONE', *, *, #1979, .T. ) ;
#2 = VERTEX_POINT ( 'NONE', #569 ) ;
#3 = ORIENTED_EDGE ( 'NONE', *, *, #62, .F. ) ;
#4 = DIRECTION ( 'NONE',  ( 3.097720492815724700E-16, -0.000000000000000000, 1.000000000000000000 ) ) ;
#5 = AXIS2_PLACEMENT_3D ( 'NONE', #1409, #291, #514 ) ;
#6 = ORIENTED_EDGE ( 'NONE', *, *, #1554, .T. ) ;
#7 = CARTESIAN_POINT ( 'NONE',  ( 0.07500000000000009437, 0.9500000000000002887, 0.6892024376045107203 ) ) ;
#8 = ORIENTED_EDGE ( 'NONE', *, *, #1335, .T. ) ;
#9 =( LENGTH_UNIT ( ) NAMED_UNIT ( * ) SI_UNIT ( .MILLI., .METRE. ) );
#10 = VERTEX_POINT ( 'NONE', #2447 ) ;
#11 = AXIS2_PLACEMENT_3D ( 'NONE', #581, #2684, #1070 ) ;
#12 = EDGE_CURVE ( 'NONE', #3193, #3310, #1841, .T. ) ;
#13 = ORIENTED_EDGE ( 'NONE', *, *, #1134, .T. ) ;
#14 = VERTEX_POINT ( 'NONE', #286 ) ;
#15 = ORIENTED_EDGE ( 'NONE', *, *, #1495, .T. ) ;
#16 = CARTESIAN_POINT ( 'NONE',  ( -0.5250000000000004663, 1.000000000000000000, 2.159934015498465865E-16 ) ) ;
#17 = DIRECTION ( 'NONE',  ( 0.000000000000000000, 0.000000000000000000, 1.000000000000000000 ) ) ;
#18 = DIRECTION ( 'NONE',  ( -1.000000000000000000, 0.000000000000000000, 0.000000000000000000 ) ) ;
#19 = VERTEX_POINT ( 'NONE', #3145 ) ;
#20 = CARTESIAN_POINT ( 'NONE',  ( -0.3749999999999998890, 0.9977161639122356096, -0.6810011598563856516 ) ) ;
#21 = ORIENTED_EDGE ( 'NONE', *, *, #985, .F. ) ;
#22 = DIRECTION ( 'NONE',  ( 0.000000000000000000, -1.000000000000000000, 0.000000000000000000 ) ) ;
#23 = AXIS2_PLACEMENT_3D ( 'NONE', #683, #982, #1499 ) ;
#24 = ORIENTED_EDGE ( 'NONE', *, *, #149, .T. ) ;
#25 = ORIENTED_EDGE ( 'NONE', *, *, #1594, .T. ) ;
#26 = ORIENTED_EDGE ( 'NONE', *, *, #712, .T. ) ;
#27 = PLANE ( 'NONE',  #1005 ) ;
#28 = ORIENTED_EDGE ( 'NONE', *, *, #2394, .T. ) ;
#29 = ORIENTED_EDGE ( 'NONE', *, *, #667, .T. ) ;
#30 = EDGE_CURVE ( 'NONE', #2825, #723, #2973, .T. ) ;
#31 = ORIENTED_EDGE ( 'NONE', *, *, #2431, .F. ) ;
#32 = CARTESIAN_POINT ( 'NONE',  ( -1.680000000000000382, 0.5000000000000000000, 0.4834450997597755095 ) ) ;
#33 = ORIENTED_EDGE ( 'NONE', *, *, #1813, .T. ) ;
#34 = ORIENTED_EDGE ( 'NONE', *, *, #1809, .T. ) ;
#35 = DIRECTION ( 'NONE',  ( 0.000000000000000000, 1.000000000000000000, 0.000000000000000000 ) ) ;
#36 = EDGE_CURVE ( 'NONE', #2386, #1053, #693, .T. ) ;
#37 = VERTEX_POINT ( 'NONE', #7 ) ;
#38 = ORIENTED_EDGE ( 'NONE', *, *, #3225, .F. ) ;
#39 = CARTESIAN_POINT ( 'NONE',  ( -0.1499999999999999667, 1.000000000000000000, -2.168404344971008868E-16 ) ) ;
#40 = DIRECTION ( 'NONE',  ( -0.000000000000000000, -1.000000000000000000, -0.000000000000000000 ) ) ;
#41 = DIRECTION ( 'NONE',  ( -0.7071067811865513475, 0.000000000000000000, 0.7071067811865437980 ) ) ;
#42 = ORIENTED_EDGE ( 'NONE', *, *, #308, .F. ) ;
#43 = DIRECTION ( 'NONE',  ( 0.000000000000000000, 1.000000000000000000, 0.000000000000000000 ) ) ;
#44 = ORIENTED_EDGE ( 'NONE', *, *, #2677, .F. ) ;
#45 = ORIENTED_EDGE ( 'NONE', *, *, #2189, .F. ) ;
#46 = EDGE_CURVE ( 'NONE', #2234, #709, #529, .T. ) ;
#47 = AXIS2_PLACEMENT_3D ( 'NONE', #2221, #359, #764 ) ;
#48 = ORIENTED_EDGE ( 'NONE', *, *, #2335, .T. ) ;
#49 = VERTEX_POINT ( 'NONE', #365 ) ;
#50 = CARTESIAN_POINT ( 'NONE',  ( -1.530000000000000249, 0.5000000000000000000, -0.9378679656440411794 ) ) ;
#51 = CARTESIAN_POINT ( 'NONE',  ( 1.350000000000000311, 0.5000000000000000000, 0.8000000000000000444 ) ) ;
#52 = ORIENTED_EDGE ( 'NONE', *, *, #2739, .T. ) ;
#53 = ORIENTED_EDGE ( 'NONE', *, *, #1080, .T. ) ;
#54 = DIRECTION ( 'NONE',  ( 0.000000000000000000, 0.000000000000000000, 1.000000000000000000 ) ) ;
#55 = CARTESIAN_POINT ( 'NONE',  ( 0.9500000000000000666, 1.149999999999999911, -0.6071065109154103467 ) ) ;
#56 = CARTESIAN_POINT ( 'NONE',  ( 0.6999999999999999556, 0.9333333333333333481, -0.4691277584346352780 ) ) ;
#57 = ORIENTED_EDGE ( 'NONE', *, *, #1335, .F. ) ;
#58 = EDGE_CURVE ( 'NONE', #1273, #1996, #1697, .T. ) ;
#59 = ORIENTED_EDGE ( 'NONE', *, *, #2236, .T. ) ;
#60 = DIRECTION ( 'NONE',  ( -0.000000000000000000, -1.000000000000000000, -0.000000000000000000 ) ) ;
#61 = ORIENTED_EDGE ( 'NONE', *, *, #66, .F. ) ;
#62 = EDGE_CURVE ( 'NONE', #1107, #1420, #517, .T. ) ;
#63 = VERTEX_POINT ( 'NONE', #1955 ) ;
#64 = ADVANCED_FACE ( 'NONE', ( #2784 ), #2713, .F. ) ;
#65 = DIRECTION ( 'NONE',  ( 0.000000000000000000, 0.000000000000000000, -1.000000000000000000 ) ) ;
#66 = EDGE_CURVE ( 'NONE', #3155, #1889, #2716, .T. ) ;
#67 = DIRECTION ( 'NONE',  ( -1.000000000000000000, 0.000000000000000000, 7.228014483236697541E-16 ) ) ;
#68 = ORIENTED_EDGE ( 'NONE', *, *, #2722, .F. ) ;
#69 = DIRECTION ( 'NONE',  ( -1.355252715606880543E-16, -0.000000000000000000, -1.000000000000000000 ) ) ;
#70 = DIRECTION ( 'NONE',  ( -1.807003620809174139E-16, -0.000000000000000000, -1.000000000000000000 ) ) ;
#71 = CARTESIAN_POINT ( 'NONE',  ( -1.130000000000000338, 0.5000000000000000000, 1.550000000000000488 ) ) ;
#72 = EDGE_CURVE ( 'NONE', #2265, #2547, #2736, .T. ) ;
#73 = CARTESIAN_POINT ( 'NONE',  ( -0.6881171346750223350, 1.041666666666666741, -0.9750000000000003109 ) ) ;
#74 = ORIENTED_EDGE ( 'NONE', *, *, #3387, .F. ) ;
#75 = ORIENTED_EDGE ( 'NONE', *, *, #3105, .F. ) ;
#76 = DIRECTION ( 'NONE',  ( -0.5735764363510476027, 0.000000000000000000, 0.8191520442889906883 ) ) ;
#77 = DIRECTION ( 'NONE',  ( 1.000000000000000000, 0.000000000000000000, -0.000000000000000000 ) ) ;
#78 = EDGE_CURVE ( 'NONE', #3037, #3323, #2818, .T. ) ;
#79 = AXIS2_PLACEMENT_3D ( 'NONE', #1239, #3363, #1734 ) ;
#80 = DIRECTION ( 'NONE',  ( -0.000000000000000000, -1.000000000000000000, -0.000000000000000000 ) ) ;
#81 = VERTEX_POINT ( 'NONE', #2242 ) ;
#82 = DIRECTION ( 'NONE',  ( 0.000000000000000000, 0.000000000000000000, 1.000000000000000000 ) ) ;
#83 = AXIS2_PLACEMENT_3D ( 'NONE', #1550, #321, #2422 ) ;
#84 = EDGE_CURVE ( 'NONE', #49, #1273, #484, .T. ) ;
#85 = CARTESIAN_POINT ( 'NONE',  ( 1.350000000000000311, 0.000000000000000000, -0.8000000000000000444 ) ) ;
#86 = CARTESIAN_POINT ( 'NONE',  ( -1.750000000000000222, 0.1199999999999999956, -0.7999999999999998224 ) ) ;
#87 = VERTEX_POINT ( 'NONE', #3232 ) ;
#88 = ORIENTED_EDGE ( 'NONE', *, *, #2677, .T. ) ;
#89 = ADVANCED_FACE ( 'NONE', ( #2805 ), #2193, .T. ) ;
#90 = CARTESIAN_POINT ( 'NONE',  ( -1.350000000000000089, 1.769242250247064163, 0.8000000000000002665 ) ) ;
#91 = CARTESIAN_POINT ( 'NONE',  ( -1.350000000000000089, 0.1199999999999998845, -0.7999999999999998224 ) ) ;
#92 = CARTESIAN_POINT ( 'NONE',  ( 0.07500000000000009437, 1.064197888226713795, 0.6348454099649781801 ) ) ;
#93 = AXIS2_PLACEMENT_3D ( 'NONE', #3325, #1252, #427 ) ;
#94 = ORIENTED_EDGE ( 'NONE', *, *, #667, .F. ) ;
#95 = CARTESIAN_POINT ( 'NONE',  ( 1.090408527951407525, 1.149999999999999911, -0.6507424794243015231 ) ) ;
#96 = EDGE_LOOP ( 'NONE', ( #2344, #3141, #2315, #838 ) ) ;
#97 = DIRECTION ( 'NONE',  ( 8.828503404524821115E-16, 0.000000000000000000, 1.000000000000000000 ) ) ;
#98 = ORIENTED_EDGE ( 'NONE', *, *, #2174, .T. ) ;
#99 = EDGE_CURVE ( 'NONE', #1707, #63, #1625, .T. ) ;
#100 = ORIENTED_EDGE ( 'NONE', *, *, #78, .F. ) ;
#101 = CARTESIAN_POINT ( 'NONE',  ( -1.680000000000000382, 0.1199999999999998845, -0.7999999999999998224 ) ) ;
#102 = CARTESIAN_POINT ( 'NONE',  ( 1.177591804735174996, 0.5000000000000000000, -0.8000000000000000444 ) ) ;
#103 = CARTESIAN_POINT ( 'NONE',  ( 1.372747686349489404, 1.115753134550486969, -0.7454002717093523023 ) ) ;
#104 = VERTEX_POINT ( 'NONE', #1992 ) ;
#105 = DIRECTION ( 'NONE',  ( 0.000000000000000000, -0.000000000000000000, 1.000000000000000000 ) ) ;
#106 = EDGE_CURVE ( 'NONE', #1132, #2071, #562, .T. ) ;
#107 = CARTESIAN_POINT ( 'NONE',  ( 1.406438241627338215, 1.014976635968050989, 0.8000000000000001554 ) ) ;
#108 = CARTESIAN_POINT ( 'NONE',  ( -0.1499999999999999667, 1.000000000000000000, -0.6500000000000001332 ) ) ;
#109 = CARTESIAN_POINT ( 'NONE',  ( -0.1499999999999999667, 0.9500000000000002887, -2.168404344971008868E-16 ) ) ;
#110 = CARTESIAN_POINT ( 'NONE',  ( 0.5749999999999999556, 0.8249999999999999556, 0.3201107057553977953 ) ) ;
#111 = ORIENTED_EDGE ( 'NONE', *, *, #2274, .T. ) ;
#112 = ADVANCED_FACE ( 'NONE', ( #488 ), #244, .T. ) ;
#113 = ORIENTED_EDGE ( 'NONE', *, *, #1391, .F. ) ;
#114 = DIRECTION ( 'NONE',  ( 0.000000000000000000, 1.000000000000000000, 0.000000000000000000 ) ) ;
#115 = EDGE_LOOP ( 'NONE', ( #100, #1473, #1299, #2060, #1345, #3168, #3143, #3210, #911, #2533 ) ) ;
#116 = AXIS2_PLACEMENT_3D ( 'NONE', #1280, #1258, #2074 ) ;
#117 = DIRECTION ( 'NONE',  ( 0.000000000000000000, 0.000000000000000000, 1.000000000000000000 ) ) ;
#118 = VECTOR ( 'NONE', #1900, 1000.000000000000000 ) ;
#119 = DIRECTION ( 'NONE',  ( 0.000000000000000000, 0.000000000000000000, 1.000000000000000000 ) ) ;
#120 = ORIENTED_EDGE ( 'NONE', *, *, #177, .F. ) ;
#121 = PLANE ( 'NONE',  #1138 ) ;
#122 = EDGE_LOOP ( 'NONE', ( #362, #2622, #1792, #2595 ) ) ;
#123 = EDGE_CURVE ( 'NONE', #849, #1338, #2830, .T. ) ;
#124 = VECTOR ( 'NONE', #35, 1000.000000000000000 ) ;
#125 = ORIENTED_EDGE ( 'NONE', *, *, #2855, .F. ) ;
#126 = VERTEX_POINT ( 'NONE', #1199 ) ;
#127 = LINE ( 'NONE', #1481, #2380 ) ;
#128 = ORIENTED_EDGE ( 'NONE', *, *, #1419, .F. ) ;
#129 = CIRCLE ( 'NONE', #2774, 0.04864140247690286467 ) ;
#130 = VERTEX_POINT ( 'NONE', #2248 ) ;
#131 = PLANE ( 'NONE',  #2756 ) ;
#132 = CARTESIAN_POINT ( 'NONE',  ( -1.680000000000000382, 0.5000000000000000000, -0.4834450997597750654 ) ) ;
#133 =( NAMED_UNIT ( * ) PLANE_ANGLE_UNIT ( ) SI_UNIT ( $, .RADIAN. ) );
#134 = DIRECTION ( 'NONE',  ( 0.000000000000000000, 0.000000000000000000, -1.000000000000000000 ) ) ;
#135 = FACE_OUTER_BOUND ( 'NONE', #2656, .T. ) ;
#136 = ORIENTED_EDGE ( 'NONE', *, *, #2919, .T. ) ;
#137 = DIRECTION ( 'NONE',  ( 0.000000000000000000, 1.000000000000000000, 0.000000000000000000 ) ) ;
#138 = DIRECTION ( 'NONE',  ( -0.000000000000000000, -1.000000000000000000, 0.000000000000000000 ) ) ;
#139 = CIRCLE ( 'NONE', #652, 1.549999999999999600 ) ;
#140 = CARTESIAN_POINT ( 'NONE',  ( 1.150000000000000133, 0.000000000000000000, -1.349999999999999867 ) ) ;
#141 = ORIENTED_EDGE ( 'NONE', *, *, #1834, .T. ) ;
#142 = DIRECTION ( 'NONE',  ( 2.710505431213760099E-16, 0.000000000000000000, 1.000000000000000000 ) ) ;
#143 = ORIENTED_EDGE ( 'NONE', *, *, #1255, .T. ) ;
#144 = VECTOR ( 'NONE', #638, 1000.000000000000000 ) ;
#145 = CARTESIAN_POINT ( 'NONE',  ( -1.680000000000000382, 0.5000000000000000000, 0.8000000000000001554 ) ) ;
#146 = ADVANCED_FACE ( 'NONE', ( #2751 ), #1429, .T. ) ;
#147 = VECTOR ( 'NONE', #623, 1000.000000000000000 ) ;
#148 = ORIENTED_EDGE ( 'NONE', *, *, #2108, .F. ) ;
#149 = EDGE_CURVE ( 'NONE', #2279, #2799, #1631, .T. ) ;
#150 = CARTESIAN_POINT ( 'NONE',  ( -1.680000000000000382, 0.000000000000000000, 0.4834450997597750654 ) ) ;
#151 = CARTESIAN_POINT ( 'NONE',  ( -0.1499999999999999667, 0.5000000000000000000, -2.168404344971008868E-16 ) ) ;
#152 = ORIENTED_EDGE ( 'NONE', *, *, #3283, .T. ) ;
#153 = CIRCLE ( 'NONE', #2965, 0.04864140247690286467 ) ;
#154 = EDGE_LOOP ( 'NONE', ( #2355, #3371, #2183, #1104 ) ) ;
#155 = DIRECTION ( 'NONE',  ( 0.000000000000000000, 0.000000000000000000, 1.000000000000000000 ) ) ;
#156 = AXIS2_PLACEMENT_3D ( 'NONE', #2672, #598, #1465 ) ;
#157 = VERTEX_POINT ( 'NONE', #2941 ) ;
#158 = CARTESIAN_POINT ( 'NONE',  ( -1.680000000000000382, 0.1199999999999999956, 0.3986414024769032727 ) ) ;
#159 = CARTESIAN_POINT ( 'NONE',  ( 1.121115278875487675, 1.140640492158507602, -0.7021560347938065050 ) ) ;
#160 = LINE ( 'NONE', #1537, #1247 ) ;
#161 = VERTEX_POINT ( 'NONE', #3236 ) ;
#162 = ORIENTED_EDGE ( 'NONE', *, *, #58, .T. ) ;
#163 = CARTESIAN_POINT ( 'NONE',  ( -1.350000000000000311, 0.1199999999999999956, -0.7999999999999998224 ) ) ;
#164 = VERTEX_POINT ( 'NONE', #2451 ) ;
#165 = VECTOR ( 'NONE', #196, 1000.000000000000000 ) ;
#166 = VERTEX_POINT ( 'NONE', #575 ) ;
#167 = ADVANCED_FACE ( 'NONE', ( #1636 ), #1401, .F. ) ;
#168 = CARTESIAN_POINT ( 'NONE',  ( -0.1499999999999998834, 0.8249999999999999556, -0.7250000000000001998 ) ) ;
#169 = CARTESIAN_POINT ( 'NONE',  ( 0.02870708482383492466, 1.149999999999999911, 1.086729439400613728 ) ) ;
#170 = CLOSED_SHELL ( 'NONE', ( #958, #1498, #2527, #2632, #546 ) ) ;
#171 = FACE_OUTER_BOUND ( 'NONE', #1644, .T. ) ;
#172 = ORIENTED_EDGE ( 'NONE', *, *, #3137, .T. ) ;
#173 = CARTESIAN_POINT ( 'NONE',  ( -0.1499999999999998002, 1.041666666666666741, -0.9750000000000003109 ) ) ;
#174 = CARTESIAN_POINT ( 'NONE',  ( -0.1499999999999999667, 1.000000000000000000, 1.399999999999999245 ) ) ;
#175 = CARTESIAN_POINT ( 'NONE',  ( -0.3749999999999998890, 1.040034694379413871, -0.6575437786883321367 ) ) ;
#176 = LINE ( 'NONE', #282, #2360 ) ;
#177 = EDGE_CURVE ( 'NONE', #2547, #3101, #1688, .T. ) ;
#178 = CARTESIAN_POINT ( 'NONE',  ( 1.679999999999999938, 0.1000000000000000056, -0.3986414024769028841 ) ) ;
#179 = DIRECTION ( 'NONE',  ( 0.000000000000000000, -1.000000000000000000, 0.000000000000000000 ) ) ;
#180 = DIRECTION ( 'NONE',  ( -1.000000000000000000, 0.000000000000000000, 6.776263578034412573E-16 ) ) ;
#181 = LINE ( 'NONE', #1154, #185 ) ;
#182 = DIRECTION ( 'NONE',  ( -0.000000000000000000, -1.000000000000000000, -0.000000000000000000 ) ) ;
#183 = ORIENTED_EDGE ( 'NONE', *, *, #2692, .F. ) ;
#184 = SURFACE_STYLE_USAGE ( .BOTH. , #2261 ) ;
#185 = VECTOR ( 'NONE', #922, 1000.000000000000000 ) ;
#186 = ORIENTED_EDGE ( 'NONE', *, *, #406, .T. ) ;
#187 = DIRECTION ( 'NONE',  ( 0.000000000000000000, 0.000000000000000000, 1.000000000000000000 ) ) ;
#188 = CYLINDRICAL_SURFACE ( 'NONE', #3018, 1.750000000000000222 ) ;
#189 = DIRECTION ( 'NONE',  ( 0.000000000000000000, 0.000000000000000000, -1.000000000000000000 ) ) ;
#190 = EDGE_CURVE ( 'NONE', #2234, #2386, #1675, .T. ) ;
#191 = CARTESIAN_POINT ( 'NONE',  ( -0.2096443735071945036, 0.8249999999999999556, 0.7233756919109710637 ) ) ;
#192 = CIRCLE ( 'NONE', #931, 1.100000000000000089 ) ;
#193 = ORIENTED_EDGE ( 'NONE', *, *, #1755, .T. ) ;
#194 = AXIS2_PLACEMENT_3D ( 'NONE', #108, #3169, #54 ) ;
#195 = ADVANCED_FACE ( 'NONE', ( #2734 ), #352, .F. ) ;
#196 = DIRECTION ( 'NONE',  ( 1.000000000000000000, -0.000000000000000000, -3.097720492815724700E-16 ) ) ;
#197 = CARTESIAN_POINT ( 'NONE',  ( 1.406438241627337993, 0.9999999999999991118, 0.8000000000000001554 ) ) ;
#198 = CARTESIAN_POINT ( 'NONE',  ( -0.3749999999999998890, 1.100000000000000311, -0.5442160391515080686 ) ) ;
#199 = LINE ( 'NONE', #3299, #1315 ) ;
#200 = EDGE_LOOP ( 'NONE', ( #1799, #29, #1 ) ) ;
#201 = ADVANCED_FACE ( 'NONE', ( #1656 ), #1719, .F. ) ;
#202 = CARTESIAN_POINT ( 'NONE',  ( -1.026446609406727495, 0.5000000000000000000, -1.550000000000000044 ) ) ;
#203 = FACE_OUTER_BOUND ( 'NONE', #1412, .T. ) ;
#204 = CARTESIAN_POINT ( 'NONE',  ( 0.000000000000000000, 0.1199999999999999956, 0.000000000000000000 ) ) ;
#205 = EDGE_LOOP ( 'NONE', ( #812, #68, #2886, #1222 ) ) ;
#206 = DIRECTION ( 'NONE',  ( 3.097720492815724700E-16, 0.000000000000000000, 1.000000000000000000 ) ) ;
#207 = PRESENTATION_LAYER_ASSIGNMENT (  '', '', ( #2658 ) ) ;
#208 = VERTEX_POINT ( 'NONE', #2479 ) ;
#209 = CIRCLE ( 'NONE', #2650, 0.7249999999999999778 ) ;
#210 = ORIENTED_EDGE ( 'NONE', *, *, #1419, .T. ) ;
#211 = CARTESIAN_POINT ( 'NONE',  ( 0.000000000000000000, 1.000000000000000000, 0.000000000000000000 ) ) ;
#212 = CARTESIAN_POINT ( 'NONE',  ( -0.01190816172703661885, 0.9333333333333333481, 0.8397454759004742142 ) ) ;
#213 = CARTESIAN_POINT ( 'NONE',  ( -1.250000000000000222, 1.149999999999999911, 0.4856852087323275668 ) ) ;
#214 = VECTOR ( 'NONE', #1956, 1000.000000000000000 ) ;
#215 = ORIENTED_EDGE ( 'NONE', *, *, #1445, .F. ) ;
#216 = CARTESIAN_POINT ( 'NONE',  ( -1.680000000000000382, 1.769242250247064163, 0.3986414024769028841 ) ) ;
#217 = CARTESIAN_POINT ( 'NONE',  ( 1.406438241627338215, -1.654819834129047207, -0.8000000000000000444 ) ) ;
#218 = CARTESIAN_POINT ( 'NONE',  ( -1.640155295723961792, 0.1199999999999998845, 0.4265409647687218309 ) ) ;
#219 = EDGE_CURVE ( 'NONE', #251, #2013, #2758, .T. ) ;
#220 = LINE ( 'NONE', #2369, #2417 ) ;
#221 = CARTESIAN_POINT ( 'NONE',  ( -1.680000000000000382, 0.6420337307994701259, 0.3500000000000004219 ) ) ;
#222 = DIRECTION ( 'NONE',  ( 0.000000000000000000, 0.000000000000000000, -1.000000000000000000 ) ) ;
#223 = EDGE_CURVE ( 'NONE', #2760, #14, #544, .T. ) ;
#224 = DIRECTION ( 'NONE',  ( -0.000000000000000000, -1.000000000000000000, -0.000000000000000000 ) ) ;
#225 = DIRECTION ( 'NONE',  ( 0.000000000000000000, 0.000000000000000000, 1.000000000000000000 ) ) ;
#226 = EDGE_CURVE ( 'NONE', #2090, #19, #501, .T. ) ;
#227 = AXIS2_PLACEMENT_3D ( 'NONE', #519, #40, #2612 ) ;
#228 = CARTESIAN_POINT ( 'NONE',  ( 1.150000000000000355, 0.000000000000000000, 1.550000000000000488 ) ) ;
#229 = CARTESIAN_POINT ( 'NONE',  ( -0.1700069191097123844, 0.8249999999999999556, 0.7249999999999997558 ) ) ;
#230 = AXIS2_PLACEMENT_3D ( 'NONE', #2748, #2253, #3345 ) ;
#231 = EDGE_CURVE ( 'NONE', #1113, #3323, #2836, .T. ) ;
#232 = DIRECTION ( 'NONE',  ( -0.000000000000000000, -1.000000000000000000, -0.000000000000000000 ) ) ;
#233 = ORIENTED_EDGE ( 'NONE', *, *, #1391, .T. ) ;
#234 = DIRECTION ( 'NONE',  ( 1.000000000000000000, 0.000000000000000000, -6.776263578034411587E-16 ) ) ;
#235 = DIRECTION ( 'NONE',  ( 0.000000000000000000, 1.000000000000000000, 0.000000000000000000 ) ) ;
#236 = DIRECTION ( 'NONE',  ( 0.000000000000000000, 0.000000000000000000, 1.000000000000000000 ) ) ;
#237 = SURFACE_SIDE_STYLE ('',( #777 ) ) ;
#238 = VERTEX_POINT ( 'NONE', #2695 ) ;
#239 = CARTESIAN_POINT ( 'NONE',  ( -0.1500000000000001887, 1.149999999999999911, 1.099999999999999867 ) ) ;
#240 = CARTESIAN_POINT ( 'NONE',  ( 1.669999999999999929, 0.1000000000000000056, -0.8000000000000000444 ) ) ;
#241 = CARTESIAN_POINT ( 'NONE',  ( 1.111611848040963579, 1.146613571488564798, 0.6860494266131402785 ) ) ;
#242 = PLANE ( 'NONE',  #2047 ) ;
#243 = EDGE_CURVE ( 'NONE', #2940, #2064, #506, .T. ) ;
#244 = PLANE ( 'NONE',  #2143 ) ;
#245 = ORIENTED_EDGE ( 'NONE', *, *, #2321, .T. ) ;
#246 = ORIENTED_EDGE ( 'NONE', *, *, #12, .F. ) ;
#247 = EDGE_CURVE ( 'NONE', #996, #1619, #2778, .T. ) ;
#248 = CARTESIAN_POINT ( 'NONE',  ( -0.8749999999999998890, 0.8249999999999999556, 0.3201107057553976287 ) ) ;
#249 = DIRECTION ( 'NONE',  ( -0.000000000000000000, -1.000000000000000000, -0.000000000000000000 ) ) ;
#250 = ORIENTED_EDGE ( 'NONE', *, *, #433, .T. ) ;
#251 = VERTEX_POINT ( 'NONE', #435 ) ;
#252 = EDGE_CURVE ( 'NONE', #2470, #3310, #1666, .T. ) ;
#253 = CARTESIAN_POINT ( 'NONE',  ( -0.5250000000000004663, 0.6645898033750313738, 2.159934015498465865E-16 ) ) ;
#254 = CARTESIAN_POINT ( 'NONE',  ( -0.3749999999999998890, 0.9500000000000002887, 0.6892024376045108314 ) ) ;
#255 = FILL_AREA_STYLE ('',( #1747 ) ) ;
#256 = ORIENTED_EDGE ( 'NONE', *, *, #2325, .T. ) ;
#257 = EDGE_CURVE ( 'NONE', #2771, #2843, #2798, .T. ) ;
#258 = CARTESIAN_POINT ( 'NONE',  ( -1.350000000000000089, 1.769242250247064163, -0.7999999999999998224 ) ) ;
#259 = VERTEX_POINT ( 'NONE', #2235 ) ;
#260 = DIRECTION ( 'NONE',  ( 0.000000000000000000, 0.000000000000000000, -1.000000000000000000 ) ) ;
#261 = VERTEX_POINT ( 'NONE', #2517 ) ;
#262 = LINE ( 'NONE', #2603, #2407 ) ;
#263 = EDGE_CURVE ( 'NONE', #990, #1961, #533, .T. ) ;
#264 = DIRECTION ( 'NONE',  ( 0.000000000000000000, 1.000000000000000000, 0.000000000000000000 ) ) ;
#265 = VERTEX_POINT ( 'NONE', #1782 ) ;
#266 = CARTESIAN_POINT ( 'NONE',  ( 1.600000000000000089, 0.1000000000000000056, 0.3500000000000005329 ) ) ;
#267 = EDGE_CURVE ( 'NONE', #719, #384, #550, .T. ) ;
#268 = CARTESIAN_POINT ( 'NONE',  ( -1.250000000000000222, 1.149999999999999911, 0.4856852087323275668 ) ) ;
#269 = ORIENTED_EDGE ( 'NONE', *, *, #3330, .T. ) ;
#270 = ORIENTED_EDGE ( 'NONE', *, *, #190, .F. ) ;
#271 = VECTOR ( 'NONE', #2871, 1000.000000000000000 ) ;
#272 = PLANE ( 'NONE',  #751 ) ;
#273 = AXIS2_PLACEMENT_3D ( 'NONE', #1732, #3358, #2220 ) ;
#274 = CARTESIAN_POINT ( 'NONE',  ( -0.3749999999999998890, 1.000000000000000000, 0.1500000000000001887 ) ) ;
#275 = ORIENTED_EDGE ( 'NONE', *, *, #811, .T. ) ;
#276 = DIRECTION ( 'NONE',  ( 0.000000000000000000, 1.000000000000000000, 0.000000000000000000 ) ) ;
#277 = PLANE ( 'NONE',  #3158 ) ;
#278 = ORIENTED_EDGE ( 'NONE', *, *, #1798, .T. ) ;
#279 = FACE_OUTER_BOUND ( 'NONE', #1659, .T. ) ;
#280 = VERTEX_POINT ( 'NONE', #2345 ) ;
#281 = CARTESIAN_POINT ( 'NONE',  ( -0.5250000000000004663, 1.000000000000000000, 2.159934015498465865E-16 ) ) ;
#282 = CARTESIAN_POINT ( 'NONE',  ( -1.680000000000000382, 0.000000000000000000, -0.4834450997597750654 ) ) ;
#283 = ORIENTED_EDGE ( 'NONE', *, *, #72, .T. ) ;
#284 = LINE ( 'NONE', #383, #290 ) ;
#285 = ORIENTED_EDGE ( 'NONE', *, *, #1874, .F. ) ;
#286 = CARTESIAN_POINT ( 'NONE',  ( -1.636066017177981946, 0.5000000000000000000, -1.043933982822023765 ) ) ;
#287 = ADVANCED_FACE ( 'NONE', ( #1703 ), #973, .F. ) ;
#288 = ORIENTED_EDGE ( 'NONE', *, *, #2477, .F. ) ;
#289 = CARTESIAN_POINT ( 'NONE',  ( 1.350000000000000311, 0.5000000000000000000, 1.350000000000000311 ) ) ;
#290 = VECTOR ( 'NONE', #907, 1000.000000000000000 ) ;
#291 = DIRECTION ( 'NONE',  ( -0.000000000000000000, -1.000000000000000000, -0.000000000000000000 ) ) ;
#292 = CARTESIAN_POINT ( 'NONE',  ( -0.1500000000000001332, 0.9333333333333333481, 0.8499999999999996447 ) ) ;
#293 = CARTESIAN_POINT ( 'NONE',  ( 0.6148324274224790109, 1.149999999999999911, 0.9240608881654689410 ) ) ;
#294 = ORIENTED_EDGE ( 'NONE', *, *, #1427, .F. ) ;
#295 = EDGE_CURVE ( 'NONE', #1983, #1316, #540, .T. ) ;
#296 = LINE ( 'NONE', #2609, #2567 ) ;
#297 = ORIENTED_EDGE ( 'NONE', *, *, #177, .T. ) ;
#298 = DIRECTION ( 'NONE',  ( 1.000000000000000000, 0.000000000000000000, 0.000000000000000000 ) ) ;
#299 = DIRECTION ( 'NONE',  ( 0.000000000000000000, -0.000000000000000000, 1.000000000000000000 ) ) ;
#300 = ORIENTED_EDGE ( 'NONE', *, *, #226, .T. ) ;
#301 = ORIENTED_EDGE ( 'NONE', *, *, #263, .F. ) ;
#302 = CYLINDRICAL_SURFACE ( 'NONE', #448, 0.04864140247690286467 ) ;
#303 = EDGE_CURVE ( 'NONE', #2003, #161, #455, .T. ) ;
#304 = AXIS2_PLACEMENT_3D ( 'NONE', #1746, #1228, #937 ) ;
#305 = DIRECTION ( 'NONE',  ( 0.000000000000000000, 1.000000000000000000, -0.000000000000000000 ) ) ;
#306 = CARTESIAN_POINT ( 'NONE',  ( 1.599999999999999867, 0.1000000000000000056, -0.3499999999999999778 ) ) ;
#307 = FACE_OUTER_BOUND ( 'NONE', #1934, .T. ) ;
#308 = EDGE_CURVE ( 'NONE', #1338, #1690, #472, .T. ) ;
#309 = ORIENTED_EDGE ( 'NONE', *, *, #1623, .F. ) ;
#310 = EDGE_CURVE ( 'NONE', #2799, #2064, #465, .T. ) ;
#311 = AXIS2_PLACEMENT_3D ( 'NONE', #1639, #1362, #2155 ) ;
#312 = ORIENTED_EDGE ( 'NONE', *, *, #1179, .T. ) ;
#313 = EDGE_CURVE ( 'NONE', #1099, #900, #1609, .T. ) ;
#314 = VERTEX_POINT ( 'NONE', #2453 ) ;
#315 = CARTESIAN_POINT ( 'NONE',  ( -1.658835445076447090, 0.5000000000000000000, 0.3548458815893975604 ) ) ;
#316 = VECTOR ( 'NONE', #2324, 1000.000000000000000 ) ;
#317 =( NAMED_UNIT ( * ) SI_UNIT ( $, .STERADIAN. ) SOLID_ANGLE_UNIT ( ) );
#318 = ORIENTED_EDGE ( 'NONE', *, *, #3002, .T. ) ;
#319 = ORIENTED_EDGE ( 'NONE', *, *, #2241, .T. ) ;
#320 = FACE_OUTER_BOUND ( 'NONE', #2530, .T. ) ;
#321 = DIRECTION ( 'NONE',  ( 0.000000000000000000, 1.000000000000000000, -0.000000000000000000 ) ) ;
#322 = CARTESIAN_POINT ( 'NONE',  ( -1.026446609406727495, 0.5000000000000000000, -1.550000000000000044 ) ) ;
#323 = LINE ( 'NONE', #3242, #271 ) ;
#324 = EDGE_LOOP ( 'NONE', ( #1209, #3396, #1993, #950, #3287, #52, #8, #2246 ) ) ;
#325 = ORIENTED_EDGE ( 'NONE', *, *, #2066, .F. ) ;
#326 = CARTESIAN_POINT ( 'NONE',  ( -0.3749999999999999445, 1.000000000000000000, -0.1499999999999997724 ) ) ;
#327 = DIRECTION ( 'NONE',  ( -0.000000000000000000, -1.000000000000000000, -0.000000000000000000 ) ) ;
#328 = CIRCLE ( 'NONE', #1102, 0.7249999999999999778 ) ;
#329 = AXIS2_PLACEMENT_3D ( 'NONE', #573, #305, #1585 ) ;
#330 = FILL_AREA_STYLE_COLOUR ( '', #729 ) ;
#331 = SURFACE_SIDE_STYLE ('',( #1447 ) ) ;
#332 = CARTESIAN_POINT ( 'NONE',  ( -0.06978860114549699512, 1.041666666666666741, 0.9728155856733751161 ) ) ;
#333 = CARTESIAN_POINT ( 'NONE',  ( 1.600000000000000089, 0.6999999999999999556, 0.3500000000000005329 ) ) ;
#334 = EDGE_LOOP ( 'NONE', ( #312, #1088, #608, #250 ) ) ;
#335 = EDGE_CURVE ( 'NONE', #1147, #1113, #478, .T. ) ;
#336 = CARTESIAN_POINT ( 'NONE',  ( -0.3749999999999997224, 1.030711057532547104, 0.6708015001730245341 ) ) ;
#337 = EDGE_LOOP ( 'NONE', ( #1142, #2110, #2852, #1004 ) ) ;
#338 = EDGE_CURVE ( 'NONE', #166, #1729, #2724, .T. ) ;
#339 = LINE ( 'NONE', #1907, #1424 ) ;
#340 = DIRECTION ( 'NONE',  ( 0.000000000000000000, 1.000000000000000000, 0.000000000000000000 ) ) ;
#341 = PLANE ( 'NONE',  #3122 ) ;
#342 = LINE ( 'NONE', #1977, #2604 ) ;
#343 = CARTESIAN_POINT ( 'NONE',  ( -1.680000000000000382, 1.769242250247064163, -0.3499999999999999778 ) ) ;
#344 = CARTESIAN_POINT ( 'NONE',  ( 1.347056235623867337, 1.139722719483141855, 0.7045670382212123606 ) ) ;
#345 = VECTOR ( 'NONE', #827, 1000.000000000000000 ) ;
#346 = FILL_AREA_STYLE ('',( #1592 ) ) ;
#347 = DIRECTION ( 'NONE',  ( 1.000000000000000000, -0.000000000000000000, 0.000000000000000000 ) ) ;
#348 = AXIS2_PLACEMENT_3D ( 'NONE', #694, #1984, #1958 ) ;
#349 = FACE_OUTER_BOUND ( 'NONE', #2633, .T. ) ;
#350 = DIRECTION ( 'NONE',  ( 0.000000000000000000, 0.000000000000000000, -1.000000000000000000 ) ) ;
#351 = CARTESIAN_POINT ( 'NONE',  ( -1.640155295723961792, 0.5000000000000000000, -0.4265409647687218309 ) ) ;
#352 = B_SPLINE_SURFACE_WITH_KNOTS ( 'NONE', 3, 3, ( 
 ( #750, #399, #1026, #654 ),
 ( #679, #1706, #2562, #229 ),
 ( #1786, #954, #2490, #191 ),
 ( #2272, #728, #2507, #1494 ),
 ( #1526, #2029, #2297, #1282 ),
 ( #2075, #3081, #2575, #3366 ),
 ( #213, #1543, #3124, #248 ),
 ( #473, #1302, #1815, #2095 ),
 ( #2350, #73, #534, #3245 ),
 ( #2873, #801, #828, #855 ),
 ( #3173, #1640, #56, #1615 ),
 ( #2591, #1117, #1364, #110 ),
 ( #293, #1883, #2157, #2416 ),
 ( #2644, #587, #2181, #2923 ),
 ( #775, #2439, #883, #3222 ),
 ( #1169, #332, #1411, #1930 ),
 ( #2847, #489, #1073, #1321 ),
 ( #239, #666, #1438, #1957 ) ),
 .UNSPECIFIED., .T., .F., .F.,
 ( 4, 1, 1, 1, 1, 2, 2, 2, 1, 1, 1, 1, 4 ),
 ( 4, 4 ),
 ( 0.000000000000000000, 0.01249999999999995559, 0.02499999999999991118, 0.03750000000000008882, 0.05000000000000004441, 0.2500000000000000000, 0.5000000000000000000, 0.7500000000000000000, 0.9499999999999999556, 0.9625000000000000222, 0.9749999999999999778, 0.9875000000000000444, 1.000000000000000000 ),
 ( 0.000000000000000000, 1.000000000000000000 ),
 .UNSPECIFIED. ) ;
#353 = DIRECTION ( 'NONE',  ( 0.000000000000000000, 1.000000000000000000, 0.000000000000000000 ) ) ;
#354 = DIRECTION ( 'NONE',  ( -7.744301232039322598E-16, -0.000000000000000000, 1.000000000000000000 ) ) ;
#355 = DIRECTION ( 'NONE',  ( -0.000000000000000000, -1.000000000000000000, -0.000000000000000000 ) ) ;
#356 = COLOUR_RGB ( '',0.7921568627450980005, 0.8196078431372548767, 0.9333333333333333481 ) ;
#357 = CARTESIAN_POINT ( 'NONE',  ( -1.026446609406727495, 0.5000000000000000000, 1.300000000000000266 ) ) ;
#358 = B_SPLINE_CURVE_WITH_KNOTS ( 'NONE', 3,
 ( #1960, #3227, #1121, #914, #2216, #2482, #1392, #2708, #2957, #1461, #2420, #1986, #159, #2666, #1193, #1212, #369, #95, #859 ),
 .UNSPECIFIED., .F., .F.,
 ( 4, 3, 3, 3, 3, 3, 4 ),
 ( 8.741117365843378158E-19, 4.554337164801556561E-05, 9.093373859754974380E-05, 0.0001385174403786074431, 0.0001919912582975823775, 0.0002508381866055322683, 0.0002534410096417302597 ),
 .UNSPECIFIED. ) ;
#359 = DIRECTION ( 'NONE',  ( 0.8191520442889903553, -0.000000000000000000, 0.5735764363510481578 ) ) ;
#360 = CARTESIAN_POINT ( 'NONE',  ( -0.1500000000000001887, 1.041666666666666741, 0.9749999999999997558 ) ) ;
#361 = CIRCLE ( 'NONE', #1375, 0.04864140247690286467 ) ;
#362 = ORIENTED_EDGE ( 'NONE', *, *, #389, .F. ) ;
#363 = CARTESIAN_POINT ( 'NONE',  ( -0.3749999999999999445, 0.6645898033750313738, -0.1499999999999997724 ) ) ;
#364 = CARTESIAN_POINT ( 'NONE',  ( -0.3749999999999999445, 1.000000000000000000, -0.1499999999999997724 ) ) ;
#365 = CARTESIAN_POINT ( 'NONE',  ( -1.636066017177981946, 0.5000000000000000000, 1.043933982822024431 ) ) ;
#366 = VECTOR ( 'NONE', #70, 1000.000000000000000 ) ;
#367 = EDGE_CURVE ( 'NONE', #1420, #1044, #1547, .T. ) ;
#368 = AXIS2_PLACEMENT_3D ( 'NONE', #211, #626, #2535 ) ;
#369 = CARTESIAN_POINT ( 'NONE',  ( 1.090857566527643430, 1.149994488702053674, -0.6514848660875215414 ) ) ;
#370 = B_SPLINE_CURVE_WITH_KNOTS ( 'NONE', 3,
 ( #2192, #2614, #2443, #2878 ),
 .UNSPECIFIED., .F., .F.,
 ( 4, 4 ),
 ( 0.000000000000000000, 1.000000000000000000 ),
 .UNSPECIFIED. ) ;
#371 = CARTESIAN_POINT ( 'NONE',  ( -1.680000000000000382, 0.5000000000000000000, 1.000000000000006439 ) ) ;
#372 =( LENGTH_UNIT ( ) NAMED_UNIT ( * ) SI_UNIT ( .MILLI., .METRE. ) );
#373 = VERTEX_POINT ( 'NONE', #1384 ) ;
#374 = DIRECTION ( 'NONE',  ( 0.000000000000000000, 1.000000000000000000, 0.000000000000000000 ) ) ;
#375 = CYLINDRICAL_SURFACE ( 'NONE', #304, 0.1499999999999999667 ) ;
#376 = CARTESIAN_POINT ( 'NONE',  ( -1.350000000000000089, 0.000000000000000000, -0.7999999999999998224 ) ) ;
#377 = CARTESIAN_POINT ( 'NONE',  ( -0.1499999999999999667, 0.5000000000000000000, -1.550000000000000044 ) ) ;
#378 = CARTESIAN_POINT ( 'NONE',  ( -0.1499999999999999667, 1.000000000000000000, -2.168404344971008868E-16 ) ) ;
#379 = VECTOR ( 'NONE', #2007, 1000.000000000000000 ) ;
#380 = EDGE_LOOP ( 'NONE', ( #1824, #905, #887, #579 ) ) ;
#381 = CARTESIAN_POINT ( 'NONE',  ( -1.026446609406727495, 0.000000000000000000, 1.550000000000000488 ) ) ;
#382 = LINE ( 'NONE', #1057, #1538 ) ;
#383 = CARTESIAN_POINT ( 'NONE',  ( -1.680000000000000382, 0.000000000000000000, -0.3499999999999999778 ) ) ;
#384 = VERTEX_POINT ( 'NONE', #2492 ) ;
#385 = PLANE ( 'NONE',  #2340 ) ;
#386 = FACE_OUTER_BOUND ( 'NONE', #1175, .T. ) ;
#387 = ADVANCED_FACE ( 'NONE', ( #1727 ), #1947, .F. ) ;
#388 = DIRECTION ( 'NONE',  ( -1.000000000000000000, 0.000000000000000000, 6.554310450847637865E-16 ) ) ;
#389 = EDGE_CURVE ( 'NONE', #1903, #559, #698, .T. ) ;
#390 = DIRECTION ( 'NONE',  ( 0.000000000000000000, -0.000000000000000000, 1.000000000000000000 ) ) ;
#391 = ORIENTED_EDGE ( 'NONE', *, *, #36, .F. ) ;
#392 = DIRECTION ( 'NONE',  ( 1.000000000000000000, 0.000000000000000000, -1.807003620809174385E-16 ) ) ;
#393 = DIRECTION ( 'NONE',  ( 0.000000000000000000, 0.000000000000000000, 1.000000000000000000 ) ) ;
#394 = LINE ( 'NONE', #2037, #409 ) ;
#395 = CARTESIAN_POINT ( 'NONE',  ( -1.680000000000000382, 0.1199999999999998845, -0.3499999999999999778 ) ) ;
#396 = CARTESIAN_POINT ( 'NONE',  ( -0.03221578500247239407, 0.8249999999999999556, 0.7162534941504044017 ) ) ;
#397 = AXIS2_PLACEMENT_3D ( 'NONE', #2970, #1608, #1651 ) ;
#398 = VECTOR ( 'NONE', #2651, 1000.000000000000000 ) ;
#399 = CARTESIAN_POINT ( 'NONE',  ( -0.1500000000000001887, 1.041666666666666741, 0.9749999999999997558 ) ) ;
#400 = VERTEX_POINT ( 'NONE', #3269 ) ;
#401 = ORIENTED_EDGE ( 'NONE', *, *, #470, .T. ) ;
#402 = DIRECTION ( 'NONE',  ( 0.000000000000000000, -0.000000000000000000, 1.000000000000000000 ) ) ;
#403 = CYLINDRICAL_SURFACE ( 'NONE', #2144, 0.04864140247690286467 ) ;
#404 = CARTESIAN_POINT ( 'NONE',  ( 1.089959676763733842, 1.149999999999999911, -0.6499999999999812594 ) ) ;
#405 = DIRECTION ( 'NONE',  ( 0.000000000000000000, 0.000000000000000000, 1.000000000000000000 ) ) ;
#406 = EDGE_CURVE ( 'NONE', #2386, #1053, #1797, .T. ) ;
#407 = ADVANCED_FACE ( 'NONE', ( #2880 ), #2153, .T. ) ;
#408 = ORIENTED_EDGE ( 'NONE', *, *, #2692, .T. ) ;
#409 = VECTOR ( 'NONE', #1204, 1000.000000000000000 ) ;
#410 = CARTESIAN_POINT ( 'NONE',  ( 1.669999999999999929, 0.1000000000000000056, -1.094569845291555283E-15 ) ) ;
#411 = EDGE_CURVE ( 'NONE', #3101, #166, #2969, .T. ) ;
#412 = DIRECTION ( 'NONE',  ( 1.000000000000000000, 0.000000000000000000, 0.000000000000000000 ) ) ;
#413 = ORIENTED_EDGE ( 'NONE', *, *, #1565, .T. ) ;
#414 = DIRECTION ( 'NONE',  ( 0.000000000000000000, -0.000000000000000000, 1.000000000000000000 ) ) ;
#415 = LINE ( 'NONE', #2856, #1512 ) ;
#416 = CARTESIAN_POINT ( 'NONE',  ( 1.350000000000000533, 0.1000000000000000056, -3.659182332138577465E-16 ) ) ;
#417 = ORIENTED_EDGE ( 'NONE', *, *, #303, .F. ) ;
#418 = CARTESIAN_POINT ( 'NONE',  ( -0.6191277584346348561, 0.9333333333333333481, -0.8500000000000003109 ) ) ;
#419 = VECTOR ( 'NONE', #18, 1000.000000000000000 ) ;
#420 = PLANE ( 'NONE',  #23 ) ;
#421 = LINE ( 'NONE', #736, #1552 ) ;
#422 = CARTESIAN_POINT ( 'NONE',  ( 1.406438241627337993, -1.654819834129047207, 0.8000000000000001554 ) ) ;
#423 = DIRECTION ( 'NONE',  ( 0.000000000000000000, 0.000000000000000000, -1.000000000000000000 ) ) ;
#424 = DIRECTION ( 'NONE',  ( -1.000000000000000000, -0.000000000000000000, -0.000000000000000000 ) ) ;
#425 = EDGE_CURVE ( 'NONE', #1053, #803, #1851, .T. ) ;
#426 = CIRCLE ( 'NONE', #230, 1.549999999999999600 ) ;
#427 = DIRECTION ( 'NONE',  ( 0.000000000000000000, 0.000000000000000000, 1.000000000000000000 ) ) ;
#428 = DIRECTION ( 'NONE',  ( 0.000000000000000000, -1.000000000000000000, 0.000000000000000000 ) ) ;
#429 = CARTESIAN_POINT ( 'NONE',  ( -0.1499999999999999667, 0.8249999999999999556, -2.168404344971008868E-16 ) ) ;
#430 = DIRECTION ( 'NONE',  ( -0.000000000000000000, -1.000000000000000000, -0.000000000000000000 ) ) ;
#431 = ADVANCED_FACE ( 'NONE', ( #2938 ), #2701, .T. ) ;
#432 = EDGE_LOOP ( 'NONE', ( #2122, #1017, #1441 ) ) ;
#433 = EDGE_CURVE ( 'NONE', #1745, #1055, #2909, .T. ) ;
#434 = CARTESIAN_POINT ( 'NONE',  ( 1.150000000000000355, 0.5000000000000000000, 1.550000000000000488 ) ) ;
#435 = CARTESIAN_POINT ( 'NONE',  ( -1.350000000000000089, 0.000000000000000000, 0.8000000000000002665 ) ) ;
#436 = DIRECTION ( 'NONE',  ( -0.5735764363510491570, 0.000000000000000000, -0.8191520442889895781 ) ) ;
#437 = DIRECTION ( 'NONE',  ( -0.000000000000000000, -1.000000000000000000, -0.000000000000000000 ) ) ;
#438 = CARTESIAN_POINT ( 'NONE',  ( -0.05950508847184277778, 1.149999999999999911, 1.097535532554577031 ) ) ;
#439 = FACE_OUTER_BOUND ( 'NONE', #1705, .T. ) ;
#440 = EDGE_CURVE ( 'NONE', #63, #87, #1770, .T. ) ;
#441 = ORIENTED_EDGE ( 'NONE', *, *, #1103, .T. ) ;
#442 = CARTESIAN_POINT ( 'NONE',  ( 1.350000000000000311, 0.000000000000000000, 1.550000000000000488 ) ) ;
#443 = CARTESIAN_POINT ( 'NONE',  ( -1.530000000000000249, 0.5000000000000000000, -0.9378679656440411794 ) ) ;
#444 = LINE ( 'NONE', #217, #379 ) ;
#445 = AXIS2_PLACEMENT_3D ( 'NONE', #1155, #469, #2185 ) ;
#446 = CARTESIAN_POINT ( 'NONE',  ( 1.350000000000000311, -1.654819834129047207, 0.3905124837953300454 ) ) ;
#447 = CARTESIAN_POINT ( 'NONE',  ( -0.3749999999999998890, 0.9000000000000001332, 0.7500000000000001110 ) ) ;
#448 = AXIS2_PLACEMENT_3D ( 'NONE', #949, #3046, #2446 ) ;
#449 = ORIENTED_EDGE ( 'NONE', *, *, #3160, .F. ) ;
#450 = CIRCLE ( 'NONE', #2810, 1.750000000000000222 ) ;
#451 = DIRECTION ( 'NONE',  ( -0.000000000000000000, -1.000000000000000000, -0.000000000000000000 ) ) ;
#452 = CARTESIAN_POINT ( 'NONE',  ( -0.1499999999999999667, 0.9000000000000002442, -2.168404344971008868E-16 ) ) ;
#453 = FACE_OUTER_BOUND ( 'NONE', #324, .T. ) ;
#454 = FACE_OUTER_BOUND ( 'NONE', #2262, .T. ) ;
#455 = LINE ( 'NONE', #703, #1587 ) ;
#456 = EDGE_CURVE ( 'NONE', #1183, #2222, #647, .T. ) ;
#457 = CARTESIAN_POINT ( 'NONE',  ( -0.3749999999999998890, 1.100000000000000089, -2.168404344971008868E-16 ) ) ;
#458 = FACE_OUTER_BOUND ( 'NONE', #2743, .T. ) ;
#459 = VECTOR ( 'NONE', #607, 1000.000000000000000 ) ;
#460 = DIRECTION ( 'NONE',  ( 0.7071067811865513475, 0.000000000000000000, -0.7071067811865436870 ) ) ;
#461 = SURFACE_STYLE_USAGE ( .BOTH. , #237 ) ;
#462 = PRESENTATION_LAYER_ASSIGNMENT (  '', '', ( #3402 ) ) ;
#463 = DIRECTION ( 'NONE',  ( 1.000000000000000000, 0.000000000000000000, 0.000000000000000000 ) ) ;
#464 = LINE ( 'NONE', #1793, #2625 ) ;
#465 = LINE ( 'NONE', #2362, #459 ) ;
#466 = DIRECTION ( 'NONE',  ( -1.807003620809174139E-16, -0.000000000000000000, -1.000000000000000000 ) ) ;
#467 = DIRECTION ( 'NONE',  ( 1.000000000000000000, 0.000000000000000000, 0.000000000000000000 ) ) ;
#468 = VECTOR ( 'NONE', #2979, 1000.000000000000000 ) ;
#469 = DIRECTION ( 'NONE',  ( 0.000000000000000000, 1.000000000000000000, -0.000000000000000000 ) ) ;
#470 = EDGE_CURVE ( 'NONE', #130, #2013, #2904, .T. ) ;
#471 = AXIS2_PLACEMENT_3D ( 'NONE', #657, #3395, #1496 ) ;
#472 = CIRCLE ( 'NONE', #819, 0.1499999999999999667 ) ;
#473 = CARTESIAN_POINT ( 'NONE',  ( -1.249999999999999778, 1.149999999999999911, -0.6071065109154104578 ) ) ;
#474 = EDGE_CURVE ( 'NONE', #1055, #996, #613, .T. ) ;
#475 = EDGE_CURVE ( 'NONE', #1261, #3201, #1790, .T. ) ;
#476 = CARTESIAN_POINT ( 'NONE',  ( 5.421010862427539919E-16, 0.000000000000000000, 0.8000000000000015987 ) ) ;
#477 = CARTESIAN_POINT ( 'NONE',  ( 1.600000000000000089, 0.6999999999999999556, 0.3500000000000005329 ) ) ;
#478 = CIRCLE ( 'NONE', #1451, 0.04864140247690286467 ) ;
#479 = DIRECTION ( 'NONE',  ( -0.000000000000000000, -1.000000000000000000, -0.000000000000000000 ) ) ;
#480 = CARTESIAN_POINT ( 'NONE',  ( -0.3749999999999998890, 1.098046931009100557, -0.5594147530100399557 ) ) ;
#481 = LINE ( 'NONE', #1989, #2829 ) ;
#482 = CARTESIAN_POINT ( 'NONE',  ( 1.177591804735174774, 1.015181123882671788, 0.7999999999999999334 ) ) ;
#483 = CIRCLE ( 'NONE', #3183, 0.1499999999999999667 ) ;
#484 = LINE ( 'NONE', #2290, #1606 ) ;
#485 = ORIENTED_EDGE ( 'NONE', *, *, #308, .T. ) ;
#486 = CIRCLE ( 'NONE', #1020, 0.5749999999999999556 ) ;
#487 = CARTESIAN_POINT ( 'NONE',  ( -0.09035562649280541592, 0.8249999999999999556, 0.7233756919109709527 ) ) ;
#488 = FACE_OUTER_BOUND ( 'NONE', #1426, .T. ) ;
#489 = CARTESIAN_POINT ( 'NONE',  ( -0.1230941432662491231, 1.041666666666666741, 0.9749999999999997558 ) ) ;
#490 = ORIENTED_EDGE ( 'NONE', *, *, #3114, .F. ) ;
#491 = ADVANCED_FACE ( 'NONE', ( #2869 ), #3100, .F. ) ;
#492 = CARTESIAN_POINT ( 'NONE',  ( -1.680000000000000382, 1.769242250247064163, 0.3499999999999999778 ) ) ;
#493 = EDGE_CURVE ( 'NONE', #1729, #3162, #656, .T. ) ;
#494 = DIRECTION ( 'NONE',  ( -3.097720492815725193E-16, 0.000000000000000000, -1.000000000000000000 ) ) ;
#495 = VECTOR ( 'NONE', #1421, 1000.000000000000000 ) ;
#496 = VECTOR ( 'NONE', #1901, 1000.000000000000000 ) ;
#497 = DIRECTION ( 'NONE',  ( -1.000000000000000000, 0.000000000000000000, 0.000000000000000000 ) ) ;
#498 = ORIENTED_EDGE ( 'NONE', *, *, #1455, .T. ) ;
#499 = CARTESIAN_POINT ( 'NONE',  ( -0.1499999999999999667, 0.1000000000000000472, -2.168404344971008868E-16 ) ) ;
#500 = FACE_OUTER_BOUND ( 'NONE', #2845, .T. ) ;
#501 = LINE ( 'NONE', #2519, #1643 ) ;
#502 = ORIENTED_EDGE ( 'NONE', *, *, #1896, .T. ) ;
#503 = CARTESIAN_POINT ( 'NONE',  ( 1.350000000000000311, 0.5000000000000000000, -1.550000000000000044 ) ) ;
#504 = DIRECTION ( 'NONE',  ( 0.5735764363510476027, 0.000000000000000000, 0.8191520442889907994 ) ) ;
#505 = COLOUR_RGB ( '',1.000000000000000000, 1.000000000000000000, 1.000000000000000000 ) ;
#506 = LINE ( 'NONE', #2673, #525 ) ;
#507 = CARTESIAN_POINT ( 'NONE',  ( 1.356193459404522628, 1.134099408229743533, -0.7189659201550232526 ) ) ;
#508 = EDGE_CURVE ( 'NONE', #993, #1038, #601, .T. ) ;
#509 = MECHANICAL_DESIGN_GEOMETRIC_PRESENTATION_REPRESENTATION (  '', ( #1329 ), #3362 ) ;
#510 = ORIENTED_EDGE ( 'NONE', *, *, #1704, .T. ) ;
#511 = MECHANICAL_DESIGN_GEOMETRIC_PRESENTATION_REPRESENTATION (  '', ( #1766 ), #3318 ) ;
#512 = AXIS2_PLACEMENT_3D ( 'NONE', #714, #1714, #2545 ) ;
#513 = EDGE_CURVE ( 'NONE', #1758, #1132, #1751, .T. ) ;
#514 = DIRECTION ( 'NONE',  ( 0.000000000000000000, 0.000000000000000000, 1.000000000000000000 ) ) ;
#515 = LINE ( 'NONE', #1621, #495 ) ;
#516 = CARTESIAN_POINT ( 'NONE',  ( -0.1500000000000000777, 0.8249999999999999556, 0.7249999999999997558 ) ) ;
#517 = LINE ( 'NONE', #3267, #1653 ) ;
#518 = VERTEX_POINT ( 'NONE', #2244 ) ;
#519 = CARTESIAN_POINT ( 'NONE',  ( -0.1499999999999999667, 1.149999999999999911, -2.168404344971008868E-16 ) ) ;
#520 = VECTOR ( 'NONE', #1726, 1000.000000000000000 ) ;
#521 = DIRECTION ( 'NONE',  ( 0.000000000000000000, 0.000000000000000000, -1.000000000000000000 ) ) ;
#522 = CARTESIAN_POINT ( 'NONE',  ( -0.3749999999999998890, 0.9000000000000002442, -0.6892024376045112755 ) ) ;
#523 = ADVANCED_FACE ( 'NONE', ( #2933 ), #1998, .F. ) ;
#524 = CYLINDRICAL_SURFACE ( 'NONE', #1334, 0.7249999999999999778 ) ;
#525 = VECTOR ( 'NONE', #142, 1000.000000000000000 ) ;
#526 = EDGE_CURVE ( 'NONE', #3009, #1151, #1742, .T. ) ;
#527 = DIRECTION ( 'NONE',  ( 0.000000000000000000, -1.000000000000000000, 0.000000000000000000 ) ) ;
#528 = LINE ( 'NONE', #3140, #1674 ) ;
#529 = LINE ( 'NONE', #1436, #468 ) ;
#530 = CARTESIAN_POINT ( 'NONE',  ( 0.07500000000000009437, 3.200609665440988127, -0.6892024376045111644 ) ) ;
#531 = PRESENTATION_STYLE_ASSIGNMENT (( #2067 ) ) ;
#532 = DIRECTION ( 'NONE',  ( 0.000000000000000000, 0.000000000000000000, -1.000000000000000000 ) ) ;
#533 = CIRCLE ( 'NONE', #2467, 1.549999999999999600 ) ;
#534 = CARTESIAN_POINT ( 'NONE',  ( -0.6191277584346348561, 0.9333333333333333481, -0.8500000000000003109 ) ) ;
#535 = ORIENTED_EDGE ( 'NONE', *, *, #741, .F. ) ;
#536 = PLANE ( 'NONE',  #1305 ) ;
#537 = CARTESIAN_POINT ( 'NONE',  ( -1.026446609406727495, 0.000000000000000000, -1.550000000000000044 ) ) ;
#538 = AXIS2_PLACEMENT_3D ( 'NONE', #1022, #224, #722 ) ;
#539 = FACE_OUTER_BOUND ( 'NONE', #1221, .T. ) ;
#540 = LINE ( 'NONE', #2023, #1683 ) ;
#541 = DIRECTION ( 'NONE',  ( 0.000000000000000000, -1.000000000000000000, 0.000000000000000000 ) ) ;
#542 = EDGE_LOOP ( 'NONE', ( #1129, #2233, #2331, #2212, #3339 ) ) ;
#543 = DIRECTION ( 'NONE',  ( 0.000000000000000000, 1.000000000000000000, -0.000000000000000000 ) ) ;
#544 = LINE ( 'NONE', #2041, #2791 ) ;
#545 = ORIENTED_EDGE ( 'NONE', *, *, #594, .F. ) ;
#546 = ADVANCED_FACE ( 'NONE', ( #606 ), #2718, .F. ) ;
#547 = CARTESIAN_POINT ( 'NONE',  ( 1.669999999999999929, 0.1000000000000000056, -0.4691636196923538726 ) ) ;
#548 = DIRECTION ( 'NONE',  ( -1.000000000000000000, 0.000000000000000000, 3.097720492815724700E-16 ) ) ;
#549 = LINE ( 'NONE', #1484, #1717 ) ;
#550 = LINE ( 'NONE', #434, #2813 ) ;
#551 = B_SPLINE_CURVE_WITH_KNOTS ( 'NONE', 3,
 ( #987, #1773, #2749, #20, #1502, #2828, #175, #2281, #2337, #2803, #3060, #3401, #3347, #480, #198, #2581 ),
 .UNSPECIFIED., .F., .F.,
 ( 4, 3, 3, 3, 3, 4 ),
 ( 0.000000000000000000, 4.841583682227547863E-05, 9.677617772847806272E-05, 0.0001459962921911852718, 0.0001975434822249813843, 0.0002425454255779923511 ),
 .UNSPECIFIED. ) ;
#552 = DIRECTION ( 'NONE',  ( 1.000000000000000000, 0.000000000000000000, 0.000000000000000000 ) ) ;
#553 = EDGE_LOOP ( 'NONE', ( #3129, #2552, #113, #1238, #1430, #136, #1513, #162, #1402, #2427, #2366, #2436, #148, #2031, #1968, #2480 ) ) ;
#554 = PLANE ( 'NONE',  #1503 ) ;
#555 = PLANE ( 'NONE',  #969 ) ;
#556 = CIRCLE ( 'NONE', #1296, 0.7249999999999999778 ) ;
#557 = CARTESIAN_POINT ( 'NONE',  ( 0.07500000000000009437, 1.073179452755177232, 0.6210983909695297900 ) ) ;
#558 = VECTOR ( 'NONE', #2730, 1000.000000000000000 ) ;
#559 = VERTEX_POINT ( 'NONE', #395 ) ;
#560 = CARTESIAN_POINT ( 'NONE',  ( -1.680000000000000382, 0.5000000000000000000, -1.000000000000005773 ) ) ;
#561 = DIRECTION ( 'NONE',  ( 0.000000000000000000, 1.000000000000000000, 0.000000000000000000 ) ) ;
#562 = LINE ( 'NONE', #2264, #2742 ) ;
#563 = DIRECTION ( 'NONE',  ( 0.000000000000000000, -1.000000000000000000, 0.000000000000000000 ) ) ;
#564 = VERTEX_POINT ( 'NONE', #1701 ) ;
#565 = CARTESIAN_POINT ( 'NONE',  ( -1.350000000000000311, 0.1199999999999999956, -0.7999999999999998224 ) ) ;
#566 = ORIENTED_EDGE ( 'NONE', *, *, #1201, .F. ) ;
#567 = EDGE_CURVE ( 'NONE', #265, #3037, #629, .T. ) ;
#568 = LINE ( 'NONE', #1295, #670 ) ;
#569 = CARTESIAN_POINT ( 'NONE',  ( -0.3749999999999999445, 1.000000000000000000, -0.1499999999999997724 ) ) ;
#570 = ORIENTED_EDGE ( 'NONE', *, *, #2251, .F. ) ;
#571 = ORIENTED_EDGE ( 'NONE', *, *, #1061, .F. ) ;
#572 = DIRECTION ( 'NONE',  ( 0.000000000000000000, 0.000000000000000000, 1.000000000000000000 ) ) ;
#573 = CARTESIAN_POINT ( 'NONE',  ( 1.680000000000000160, 0.000000000000000000, 0.3986414024769032727 ) ) ;
#574 = CARTESIAN_POINT ( 'NONE',  ( 1.312019151721346644, 1.149999999999999911, 0.6500000000000001332 ) ) ;
#575 = CARTESIAN_POINT ( 'NONE',  ( 1.089959676763733620, 1.149999999999999911, 0.6499999999999812594 ) ) ;
#576 = VECTOR ( 'NONE', #1835, 1000.000000000000000 ) ;
#577 = CARTESIAN_POINT ( 'NONE',  ( 1.399704899056001706, 1.058296455877011155, -0.7889885404231757882 ) ) ;
#578 = ORIENTED_EDGE ( 'NONE', *, *, #3231, .F. ) ;
#579 = ORIENTED_EDGE ( 'NONE', *, *, #691, .F. ) ;
#580 = DIRECTION ( 'NONE',  ( 0.000000000000000000, 0.000000000000000000, 1.000000000000000000 ) ) ;
#581 = CARTESIAN_POINT ( 'NONE',  ( -1.680000000000000382, 0.6420337307994701259, 0.4834450997597755095 ) ) ;
#582 = FACE_OUTER_BOUND ( 'NONE', #1418, .T. ) ;
#583 = CARTESIAN_POINT ( 'NONE',  ( 0.07500000000000009437, 0.9977161639122356096, 0.6810011598563853186 ) ) ;
#584 = EDGE_CURVE ( 'NONE', #1303, #251, #1776, .T. ) ;
#585 = LINE ( 'NONE', #1571, #1737 ) ;
#586 = AXIS2_PLACEMENT_3D ( 'NONE', #39, #2772, #2080 ) ;
#587 = CARTESIAN_POINT ( 'NONE',  ( 0.08456553730808245850, 1.041666666666666741, 0.9476095595418009276 ) ) ;
#588 = ORIENTED_EDGE ( 'NONE', *, *, #1195, .T. ) ;
#589 = B_SPLINE_CURVE_WITH_KNOTS ( 'NONE', 3,
 ( #3030, #173, #2277, #1500 ),
 .UNSPECIFIED., .F., .F.,
 ( 4, 4 ),
 ( 0.000000000000000000, 1.000000000000000000 ),
 .UNSPECIFIED. ) ;
#590 = AXIS2_PLACEMENT_3D ( 'NONE', #2735, #353, #596 ) ;
#591 = ADVANCED_FACE ( 'NONE', ( #1812 ), #1339, .T. ) ;
#592 = DIRECTION ( 'NONE',  ( 0.000000000000000000, 0.000000000000000000, 1.000000000000000000 ) ) ;
#593 = FACE_OUTER_BOUND ( 'NONE', #3029, .T. ) ;
#594 = EDGE_CURVE ( 'NONE', #2184, #2086, #1757, .T. ) ;
#595 = AXIS2_PLACEMENT_3D ( 'NONE', #1627, #3285, #2087 ) ;
#596 = DIRECTION ( 'NONE',  ( 0.000000000000000000, 0.000000000000000000, 1.000000000000000000 ) ) ;
#597 = VERTEX_POINT ( 'NONE', #3139 ) ;
#598 = DIRECTION ( 'NONE',  ( 0.000000000000000000, 1.000000000000000000, -0.000000000000000000 ) ) ;
#599 = AXIS2_PLACEMENT_3D ( 'NONE', #2990, #2528, #414 ) ;
#600 = VECTOR ( 'NONE', #189, 1000.000000000000000 ) ;
#601 = LINE ( 'NONE', #1492, #2888 ) ;
#602 = ORIENTED_EDGE ( 'NONE', *, *, #1213, .T. ) ;
#603 = CARTESIAN_POINT ( 'NONE',  ( -2.710505431213752210E-16, 0.000000000000000000, -0.3499999999999987010 ) ) ;
#604 = CARTESIAN_POINT ( 'NONE',  ( -0.1500000000000001332, 0.9333333333333333481, 0.8499999999999996447 ) ) ;
#605 = FACE_OUTER_BOUND ( 'NONE', #2548, .T. ) ;
#606 = FACE_OUTER_BOUND ( 'NONE', #2126, .T. ) ;
#607 = DIRECTION ( 'NONE',  ( -0.000000000000000000, -1.000000000000000000, -0.000000000000000000 ) ) ;
#608 = ORIENTED_EDGE ( 'NONE', *, *, #2027, .F. ) ;
#609 = CARTESIAN_POINT ( 'NONE',  ( -1.750000000000000222, 0.000000000000000000, 0.3499999999999999778 ) ) ;
#610 = DIRECTION ( 'NONE',  ( 0.000000000000000000, 0.000000000000000000, -1.000000000000000000 ) ) ;
#611 = FACE_OUTER_BOUND ( 'NONE', #1006, .T. ) ;
#612 = CARTESIAN_POINT ( 'NONE',  ( 1.150000000000000133, 0.5000000000000000000, 1.350000000000000311 ) ) ;
#613 = LINE ( 'NONE', #603, #681 ) ;
#614 = ORIENTED_EDGE ( 'NONE', *, *, #2631, .F. ) ;
#615 = CARTESIAN_POINT ( 'NONE',  ( -0.3749999999999998890, 0.9000000000000002442, 0.6892024376045108314 ) ) ;
#616 = DIRECTION ( 'NONE',  ( -0.000000000000000000, -1.000000000000000000, -0.000000000000000000 ) ) ;
#617 = CARTESIAN_POINT ( 'NONE',  ( 1.350000000000000311, 0.000000000000000000, 1.350000000000000311 ) ) ;
#618 = LINE ( 'NONE', #3334, #600 ) ;
#619 = VECTOR ( 'NONE', #552, 1000.000000000000000 ) ;
#620 = ORIENTED_EDGE ( 'NONE', *, *, #3047, .F. ) ;
#621 = CARTESIAN_POINT ( 'NONE',  ( 1.336349245666390129, 1.146312110151823882, -0.6876944423468924761 ) ) ;
#622 = DIRECTION ( 'NONE',  ( 0.000000000000000000, 0.000000000000000000, 1.000000000000000000 ) ) ;
#623 = DIRECTION ( 'NONE',  ( -1.000000000000000000, 0.000000000000000000, 0.000000000000000000 ) ) ;
#624 = LINE ( 'NONE', #547, #628 ) ;
#625 = VECTOR ( 'NONE', #1219, 1000.000000000000000 ) ;
#626 = DIRECTION ( 'NONE',  ( -0.000000000000000000, 1.000000000000000000, 0.000000000000000000 ) ) ;
#627 = CARTESIAN_POINT ( 'NONE',  ( 1.406438241627338215, 0.9999999999999991118, -0.8000000000000000444 ) ) ;
#628 = VECTOR ( 'NONE', #1105, 1000.000000000000000 ) ;
#629 = LINE ( 'NONE', #2268, #1780 ) ;
#630 = ORIENTED_EDGE ( 'NONE', *, *, #247, .T. ) ;
#631 = DIRECTION ( 'NONE',  ( -1.000000000000000000, 0.000000000000000000, -0.000000000000000000 ) ) ;
#632 = PLANE ( 'NONE',  #1014 ) ;
#633 = CARTESIAN_POINT ( 'NONE',  ( 1.640155295723961348, 0.1000000000000000056, -0.4265409647687218309 ) ) ;
#634 = DIRECTION ( 'NONE',  ( 0.000000000000000000, 1.000000000000000000, -0.000000000000000000 ) ) ;
#635 = VECTOR ( 'NONE', #2993, 1000.000000000000000 ) ;
#636 = EDGE_CURVE ( 'NONE', #2425, #1015, #2874, .T. ) ;
#637 = AXIS2_PLACEMENT_3D ( 'NONE', #1440, #2238, #117 ) ;
#638 = DIRECTION ( 'NONE',  ( -0.7071067811865489050, -0.000000000000000000, 0.7071067811865462405 ) ) ;
#639 = DIRECTION ( 'NONE',  ( 0.000000000000000000, 0.000000000000000000, 1.000000000000000000 ) ) ;
#640 = LINE ( 'NONE', #2199, #710 ) ;
#641 = FACE_OUTER_BOUND ( 'NONE', #2276, .T. ) ;
#642 = CARTESIAN_POINT ( 'NONE',  ( -0.1499999999999999667, 1.100000000000000089, -2.168404344971008868E-16 ) ) ;
#643 = DIRECTION ( 'NONE',  ( 0.000000000000000000, 0.000000000000000000, 1.000000000000000000 ) ) ;
#644 = ADVANCED_FACE ( 'NONE', ( #705 ), #2842, .T. ) ;
#645 = ORIENTED_EDGE ( 'NONE', *, *, #2328, .F. ) ;
#646 = LINE ( 'NONE', #2685, #1769 ) ;
#647 = LINE ( 'NONE', #1650, #2883 ) ;
#648 = ORIENTED_EDGE ( 'NONE', *, *, #243, .F. ) ;
#649 = EDGE_CURVE ( 'NONE', #803, #2771, #2926, .T. ) ;
#650 = CARTESIAN_POINT ( 'NONE',  ( -1.680000000000000382, 1.769242250247064163, -0.4834450997597750654 ) ) ;
#651 = CARTESIAN_POINT ( 'NONE',  ( -0.1196446744542297852, 1.149999999999999911, 1.099999999999999867 ) ) ;
#652 = AXIS2_PLACEMENT_3D ( 'NONE', #1027, #1323, #3150 ) ;
#653 = ORIENTED_EDGE ( 'NONE', *, *, #3017, .T. ) ;
#654 = CARTESIAN_POINT ( 'NONE',  ( -0.1500000000000000777, 0.8249999999999999556, 0.7249999999999997558 ) ) ;
#655 = VECTOR ( 'NONE', #2172, 1000.000000000000000 ) ;
#656 = CIRCLE ( 'NONE', #79, 1.600000000000000311 ) ;
#657 = CARTESIAN_POINT ( 'NONE',  ( 0.000000000000000000, 0.000000000000000000, 0.000000000000000000 ) ) ;
#658 = DIRECTION ( 'NONE',  ( -0.7071067811865462405, 0.000000000000000000, -0.7071067811865489050 ) ) ;
#659 = ORIENTED_EDGE ( 'NONE', *, *, #1260, .T. ) ;
#660 = CARTESIAN_POINT ( 'NONE',  ( 1.177591804735174996, 0.5000000000000000000, 0.8000000000000000444 ) ) ;
#661 = CARTESIAN_POINT ( 'NONE',  ( -0.1499999999999999667, 1.149999999999999911, -2.168404344971008868E-16 ) ) ;
#662 = VECTOR ( 'NONE', #677, 1000.000000000000000 ) ;
#663 = CARTESIAN_POINT ( 'NONE',  ( 1.350000000000000311, 0.5000000000000000000, -1.550000000000000044 ) ) ;
#664 = VERTEX_POINT ( 'NONE', #240 ) ;
#665 = PLANE ( 'NONE',  #786 ) ;
#666 = CARTESIAN_POINT ( 'NONE',  ( -0.1500000000000001887, 1.041666666666666741, 0.9749999999999997558 ) ) ;
#667 = EDGE_CURVE ( 'NONE', #161, #3131, #568, .T. ) ;
#668 = AXIS2_PLACEMENT_3D ( 'NONE', #1416, #1842, #350 ) ;
#669 = DIRECTION ( 'NONE',  ( 0.000000000000000000, 0.000000000000000000, 1.000000000000000000 ) ) ;
#670 = VECTOR ( 'NONE', #466, 1000.000000000000000 ) ;
#671 = DIRECTION ( 'NONE',  ( 0.000000000000000000, 0.000000000000000000, -1.000000000000000000 ) ) ;
#672 = ORIENTED_EDGE ( 'NONE', *, *, #1376, .F. ) ;
#673 = CYLINDRICAL_SURFACE ( 'NONE', #1208, 0.04864140247690286467 ) ;
#674 = EDGE_CURVE ( 'NONE', #990, #1097, #1844, .T. ) ;
#675 = FACE_OUTER_BOUND ( 'NONE', #3097, .T. ) ;
#676 = ADVANCED_FACE ( 'NONE', ( #641 ), #1555, .T. ) ;
#677 = DIRECTION ( 'NONE',  ( 2.710505431213760099E-16, 0.000000000000000000, 1.000000000000000000 ) ) ;
#678 = CARTESIAN_POINT ( 'NONE',  ( 0.4571065109154103245, 1.149999999999999911, -1.100000000000000311 ) ) ;
#679 = CARTESIAN_POINT ( 'NONE',  ( -0.1803553255457705784, 1.149999999999999911, 1.099999999999999867 ) ) ;
#680 = LINE ( 'NONE', #792, #724 ) ;
#681 = VECTOR ( 'NONE', #2383, 1000.000000000000000 ) ;
#682 = ORIENTED_EDGE ( 'NONE', *, *, #30, .T. ) ;
#683 = CARTESIAN_POINT ( 'NONE',  ( 0.000000000000000000, 0.5000000000000000000, 0.000000000000000000 ) ) ;
#684 = CARTESIAN_POINT ( 'NONE',  ( -1.680000000000000382, 0.000000000000000000, -0.7999999999999998224 ) ) ;
#685 = CARTESIAN_POINT ( 'NONE',  ( 1.312949816978767226, 1.149994869814331411, 0.6514326056367121254 ) ) ;
#686 = CARTESIAN_POINT ( 'NONE',  ( -1.680000000000000382, 0.1199999999999999956, 0.8000000000000003775 ) ) ;
#687 = LINE ( 'NONE', #1229, #1850 ) ;
#688 = CARTESIAN_POINT ( 'NONE',  ( -1.680000000000000382, 0.5000000000000000000, 0.9378679656440417345 ) ) ;
#689 = LINE ( 'NONE', #416, #662 ) ;
#690 = ORIENTED_EDGE ( 'NONE', *, *, #1266, .F. ) ;
#691 = EDGE_CURVE ( 'NONE', #700, #2537, #1805, .T. ) ;
#692 = AXIS2_PLACEMENT_3D ( 'NONE', #2697, #340, #572 ) ;
#693 = CIRCLE ( 'NONE', #776, 1.549999999999999600 ) ;
#694 = CARTESIAN_POINT ( 'NONE',  ( -0.1499999999999999667, 0.8249999999999999556, -2.168404344971008868E-16 ) ) ;
#695 = CARTESIAN_POINT ( 'NONE',  ( -1.680000000000000382, 1.769242250247064163, 0.3499999999999999778 ) ) ;
#696 = ORIENTED_EDGE ( 'NONE', *, *, #2113, .F. ) ;
#697 = CIRCLE ( 'NONE', #1692, 0.1499999999999999667 ) ;
#698 = CIRCLE ( 'NONE', #2944, 0.04864140247690286467 ) ;
#699 = DIRECTION ( 'NONE',  ( 0.000000000000000000, -1.000000000000000000, 0.000000000000000000 ) ) ;
#700 = VERTEX_POINT ( 'NONE', #168 ) ;
#701 = EDGE_CURVE ( 'NONE', #2227, #2955, #689, .T. ) ;
#702 = VECTOR ( 'NONE', #436, 1000.000000000000114 ) ;
#703 = CARTESIAN_POINT ( 'NONE',  ( -0.3749999999999998890, 0.6645898033750313738, 0.1500000000000002165 ) ) ;
#704 = CIRCLE ( 'NONE', #3072, 1.750000000000000222 ) ;
#705 = FACE_OUTER_BOUND ( 'NONE', #2400, .T. ) ;
#706 = CARTESIAN_POINT ( 'NONE',  ( -1.680000000000000382, 0.000000000000000000, -0.7999999999999998224 ) ) ;
#707 = ORIENTED_EDGE ( 'NONE', *, *, #2251, .T. ) ;
#708 = CARTESIAN_POINT ( 'NONE',  ( -1.125000000000000000, 1.041666666666666741, -0.5381171346750230899 ) ) ;
#709 = VERTEX_POINT ( 'NONE', #2314 ) ;
#710 = VECTOR ( 'NONE', #3313, 1000.000000000000000 ) ;
#711 = ORIENTED_EDGE ( 'NONE', *, *, #2606, .T. ) ;
#712 = EDGE_CURVE ( 'NONE', #1044, #37, #1718, .T. ) ;
#713 = DIRECTION ( 'NONE',  ( 0.000000000000000000, 1.000000000000000000, -0.000000000000000000 ) ) ;
#714 = CARTESIAN_POINT ( 'NONE',  ( 1.600000000000000089, 0.6999999999999999556, 0.3500000000000005329 ) ) ;
#715 = FACE_OUTER_BOUND ( 'NONE', #3259, .T. ) ;
#716 = CARTESIAN_POINT ( 'NONE',  ( -1.680000000000000382, 0.000000000000000000, -0.3499999999999999778 ) ) ;
#717 = VECTOR ( 'NONE', #17, 1000.000000000000000 ) ;
#718 = EDGE_LOOP ( 'NONE', ( #947, #645, #1816, #977 ) ) ;
#719 = VERTEX_POINT ( 'NONE', #228 ) ;
#720 = TOROIDAL_SURFACE ( 'NONE', #1795, 1.399999999999999467, 0.1499999999999999944 ) ;
#721 = FACE_OUTER_BOUND ( 'NONE', #919, .T. ) ;
#722 = DIRECTION ( 'NONE',  ( 0.000000000000000000, 0.000000000000000000, 1.000000000000000000 ) ) ;
#723 = VERTEX_POINT ( 'NONE', #1197 ) ;
#724 = VECTOR ( 'NONE', #2468, 1000.000000000000000 ) ;
#725 = ORIENTED_EDGE ( 'NONE', *, *, #1455, .F. ) ;
#726 = DIRECTION ( 'NONE',  ( -0.000000000000000000, -1.000000000000000000, -0.000000000000000000 ) ) ;
#727 = EDGE_CURVE ( 'NONE', #2200, #2307, #1819, .T. ) ;
#728 = CARTESIAN_POINT ( 'NONE',  ( -0.3083994615483994228, 1.041666666666666741, 0.9632374576505441377 ) ) ;
#729 = COLOUR_RGB ( '',0.2509803921568627416, 0.2509803921568627416, 0.2509803921568627416 ) ;
#730 = ADVANCED_FACE ( 'NONE', ( #675 ), #2559, .F. ) ;
#731 = ORIENTED_EDGE ( 'NONE', *, *, #3348, .F. ) ;
#732 = AXIS2_PLACEMENT_3D ( 'NONE', #1442, #392, #2239 ) ;
#733 = CARTESIAN_POINT ( 'NONE',  ( -0.1499999999999999667, 0.5000000000000000000, -2.168404344971008868E-16 ) ) ;
#734 = DIRECTION ( 'NONE',  ( 1.000000000000000000, 0.000000000000000000, -3.097720492815724700E-16 ) ) ;
#735 = AXIS2_PLACEMENT_3D ( 'NONE', #2780, #463, #2706 ) ;
#736 = CARTESIAN_POINT ( 'NONE',  ( 1.350000000000000311, 0.1000000000000000056, -0.8000000000000000444 ) ) ;
#737 = LINE ( 'NONE', #2546, #3049 ) ;
#738 =( NAMED_UNIT ( * ) PLANE_ANGLE_UNIT ( ) SI_UNIT ( $, .RADIAN. ) );
#739 = LINE ( 'NONE', #2746, #3083 ) ;
#740 = ORIENTED_EDGE ( 'NONE', *, *, #2335, .F. ) ;
#741 = EDGE_CURVE ( 'NONE', #2090, #2184, #1825, .T. ) ;
#742 = CARTESIAN_POINT ( 'NONE',  ( 1.177591804735174996, -1.654819834129047207, -0.8000000000000000444 ) ) ;
#743 = FACE_OUTER_BOUND ( 'NONE', #3349, .T. ) ;
#744 = FACE_OUTER_BOUND ( 'NONE', #115, .T. ) ;
#745 =( LENGTH_UNIT ( ) NAMED_UNIT ( * ) SI_UNIT ( .MILLI., .METRE. ) );
#746 = VERTEX_POINT ( 'NONE', #2333 ) ;
#747 = FACE_OUTER_BOUND ( 'NONE', #3192, .T. ) ;
#748 = VECTOR ( 'NONE', #2589, 1000.000000000000000 ) ;
#749 = ORIENTED_EDGE ( 'NONE', *, *, #759, .T. ) ;
#750 = CARTESIAN_POINT ( 'NONE',  ( -0.1500000000000001887, 1.149999999999999911, 1.099999999999999867 ) ) ;
#751 = AXIS2_PLACEMENT_3D ( 'NONE', #16, #658, #754 ) ;
#752 = LINE ( 'NONE', #2844, #1906 ) ;
#753 = ORIENTED_EDGE ( 'NONE', *, *, #3180, .T. ) ;
#754 = DIRECTION ( 'NONE',  ( -0.7071067811865489050, 0.000000000000000000, 0.7071067811865462405 ) ) ;
#755 = CARTESIAN_POINT ( 'NONE',  ( 1.177591804735174996, 0.5000000000000000000, -0.8000000000000000444 ) ) ;
#756 = DIRECTION ( 'NONE',  ( 0.000000000000000000, 0.000000000000000000, -1.000000000000000000 ) ) ;
#757 = FACE_OUTER_BOUND ( 'NONE', #1309, .T. ) ;
#758 =( LENGTH_UNIT ( ) NAMED_UNIT ( * ) SI_UNIT ( .MILLI., .METRE. ) );
#759 = EDGE_CURVE ( 'NONE', #2285, #2307, #2850, .T. ) ;
#760 = LINE ( 'NONE', #1361, #808 ) ;
#761 = ADVANCED_FACE ( 'NONE', ( #2858 ), #869, .F. ) ;
#762 = ORIENTED_EDGE ( 'NONE', *, *, #1319, .F. ) ;
#763 = CARTESIAN_POINT ( 'NONE',  ( -1.750000000000000222, 0.1199999999999999956, -0.7999999999999998224 ) ) ;
#764 = DIRECTION ( 'NONE',  ( 0.5735764363510481578, 0.000000000000000000, -0.8191520442889903553 ) ) ;
#765 = VECTOR ( 'NONE', #1823, 1000.000000000000000 ) ;
#766 = CARTESIAN_POINT ( 'NONE',  ( 1.090408527951407081, 1.149999999999999911, 0.6507424794243015231 ) ) ;
#767 = ORIENTED_EDGE ( 'NONE', *, *, #1806, .T. ) ;
#768 = DIRECTION ( 'NONE',  ( -6.554310450847637865E-16, 0.000000000000000000, -1.000000000000000000 ) ) ;
#769 = ORIENTED_EDGE ( 'NONE', *, *, #2108, .T. ) ;
#770 = FACE_OUTER_BOUND ( 'NONE', #3368, .T. ) ;
#771 = ORIENTED_EDGE ( 'NONE', *, *, #1314, .T. ) ;
#772 = EDGE_CURVE ( 'NONE', #87, #1950, #585, .T. ) ;
#773 = AXIS2_PLACEMENT_3D ( 'NONE', #90, #2454, #631 ) ;
#774 = CARTESIAN_POINT ( 'NONE',  ( -0.3845655373080826833, 1.041666666666666741, 0.9476095595418009276 ) ) ;
#775 = CARTESIAN_POINT ( 'NONE',  ( 0.02870708482383492466, 1.149999999999999911, 1.086729439400613728 ) ) ;
#776 = AXIS2_PLACEMENT_3D ( 'NONE', #2788, #264, #2817 ) ;
#777 = SURFACE_STYLE_FILL_AREA ( #255 ) ;
#778 = VERTEX_POINT ( 'NONE', #3254 ) ;
#779 = CARTESIAN_POINT ( 'NONE',  ( -0.9001520239938742840, 0.1199999999999999956, -0.6302932327352407382 ) ) ;
#780 = CARTESIAN_POINT ( 'NONE',  ( 1.640155295723961792, 0.000000000000000000, 0.4265409647687226080 ) ) ;
#781 = DIRECTION ( 'NONE',  ( 0.000000000000000000, 0.000000000000000000, -1.000000000000000000 ) ) ;
#782 = ORIENTED_EDGE ( 'NONE', *, *, #1806, .F. ) ;
#783 = LINE ( 'NONE', #1271, #1886 ) ;
#784 = CARTESIAN_POINT ( 'NONE',  ( 1.150000000000000133, 0.5000000000000000000, -1.550000000000000044 ) ) ;
#785 = CIRCLE ( 'NONE', #2237, 0.1499999999999999667 ) ;
#786 = AXIS2_PLACEMENT_3D ( 'NONE', #560, #1414, #3268 ) ;
#787 = ORIENTED_EDGE ( 'NONE', *, *, #1545, .T. ) ;
#788 = DIRECTION ( 'NONE',  ( -0.000000000000000000, -1.000000000000000000, -0.000000000000000000 ) ) ;
#789 = FACE_OUTER_BOUND ( 'NONE', #3316, .T. ) ;
#790 = LINE ( 'NONE', #91, #3044 ) ;
#791 = ADVANCED_FACE ( 'NONE', ( #593 ), #1535, .F. ) ;
#792 = CARTESIAN_POINT ( 'NONE',  ( 1.599999999999999867, 0.1000000000000000056, -4.956352788505159323E-16 ) ) ;
#793 = ORIENTED_EDGE ( 'NONE', *, *, #475, .T. ) ;
#794 = ORIENTED_EDGE ( 'NONE', *, *, #1789, .F. ) ;
#795 = VECTOR ( 'NONE', #3112, 1000.000000000000000 ) ;
#796 = LINE ( 'NONE', #2129, #814 ) ;
#797 = ORIENTED_EDGE ( 'NONE', *, *, #2317, .F. ) ;
#798 = DIRECTION ( 'NONE',  ( 0.000000000000000000, 0.000000000000000000, 1.000000000000000000 ) ) ;
#799 = DIRECTION ( 'NONE',  ( 1.000000000000000000, 0.000000000000000000, 0.000000000000000000 ) ) ;
#800 = CARTESIAN_POINT ( 'NONE',  ( -0.2880918382729635296, 0.9333333333333333481, 0.8397454759004742142 ) ) ;
#801 = CARTESIAN_POINT ( 'NONE',  ( 0.3881171346750227347, 1.041666666666666741, -0.9750000000000003109 ) ) ;
#802 = VERTEX_POINT ( 'NONE', #266 ) ;
#803 = VERTEX_POINT ( 'NONE', #315 ) ;
#804 = EDGE_CURVE ( 'NONE', #877, #2771, #2995, .T. ) ;
#805 = DIRECTION ( 'NONE',  ( 1.000000000000000000, 0.000000000000000000, 0.000000000000000000 ) ) ;
#806 = ORIENTED_EDGE ( 'NONE', *, *, #567, .F. ) ;
#807 = CARTESIAN_POINT ( 'NONE',  ( 1.640155295723961348, 0.1000000000000000056, -0.4265409647687218309 ) ) ;
#808 = VECTOR ( 'NONE', #852, 1000.000000000000000 ) ;
#809 = AXIS2_PLACEMENT_3D ( 'NONE', #1081, #1756, #3164 ) ;
#810 = EDGE_LOOP ( 'NONE', ( #28, #3191, #928, #934 ) ) ;
#811 = EDGE_CURVE ( 'NONE', #2049, #1087, #1879, .T. ) ;
#812 = ORIENTED_EDGE ( 'NONE', *, *, #1607, .T. ) ;
#813 = LINE ( 'NONE', #1374, #841 ) ;
#814 = VECTOR ( 'NONE', #69, 1000.000000000000000 ) ;
#815 = DIRECTION ( 'NONE',  ( 1.000000000000000000, 0.000000000000000000, 0.000000000000000000 ) ) ;
#816 = EDGE_LOOP ( 'NONE', ( #1808, #659, #2077, #2225 ) ) ;
#817 = DIRECTION ( 'NONE',  ( 0.000000000000000000, 0.000000000000000000, 1.000000000000000000 ) ) ;
#818 = EDGE_CURVE ( 'NONE', #2611, #87, #796, .T. ) ;
#819 = AXIS2_PLACEMENT_3D ( 'NONE', #3195, #2638, #67 ) ;
#820 = ORIENTED_EDGE ( 'NONE', *, *, #2948, .T. ) ;
#821 = VECTOR ( 'NONE', #734, 1000.000000000000000 ) ;
#822 = ADVANCED_FACE ( 'NONE', ( #2981 ), #2659, .F. ) ;
#823 = ORIENTED_EDGE ( 'NONE', *, *, #2787, .T. ) ;
#824 = DIRECTION ( 'NONE',  ( 0.000000000000000000, 1.000000000000000000, 0.000000000000000000 ) ) ;
#825 = AXIS2_PLACEMENT_3D ( 'NONE', #1478, #1501, #460 ) ;
#826 = EDGE_CURVE ( 'NONE', #1870, #3388, #760, .T. ) ;
#827 = DIRECTION ( 'NONE',  ( 0.000000000000000000, 1.000000000000000000, 0.000000000000000000 ) ) ;
#828 = CARTESIAN_POINT ( 'NONE',  ( 0.3191277584346352558, 0.9333333333333333481, -0.8500000000000003109 ) ) ;
#829 = CIRCLE ( 'NONE', #3329, 1.549999999999999822 ) ;
#830 = ORIENTED_EDGE ( 'NONE', *, *, #1580, .T. ) ;
#831 = UNCERTAINTY_MEASURE_WITH_UNIT (LENGTH_MEASURE( 1.000000000000000082E-05 ), #9, 'distance_accuracy_value', 'NONE');
#832 = DIRECTION ( 'NONE',  ( 0.000000000000000000, 0.000000000000000000, -1.000000000000000000 ) ) ;
#833 = AXIS2_PLACEMENT_3D ( 'NONE', #1373, #1422, #891 ) ;
#834 = CARTESIAN_POINT ( 'NONE',  ( -1.680000000000000382, 0.6420337307994701259, -0.3986414024769028841 ) ) ;
#835 = FACE_BOUND ( 'NONE', #3052, .T. ) ;
#836 = PLANE ( 'NONE',  #2653 ) ;
#837 = LINE ( 'NONE', #1306, #3218 ) ;
#838 = ORIENTED_EDGE ( 'NONE', *, *, #1314, .F. ) ;
#839 = CARTESIAN_POINT ( 'NONE',  ( 1.564642819948224517, 0.5500000000000001554, 0.3500000000000005329 ) ) ;
#840 = EDGE_CURVE ( 'NONE', #130, #2425, #790, .T. ) ;
#841 = VECTOR ( 'NONE', #1893, 1000.000000000000000 ) ;
#842 = CARTESIAN_POINT ( 'NONE',  ( 0.9001520239938732848, 0.000000000000000000, 0.6302932327352409603 ) ) ;
#843 = VERTEX_POINT ( 'NONE', #2347 ) ;
#844 = PLANE ( 'NONE',  #1560 ) ;
#845 = CARTESIAN_POINT ( 'NONE',  ( 1.395757434088269244, 1.071628913956982343, -0.7825487218573098369 ) ) ;
#846 = CARTESIAN_POINT ( 'NONE',  ( 0.07500000000000009437, 0.9910712974349439319, -0.6892024376045773337 ) ) ;
#847 =( GEOMETRIC_REPRESENTATION_CONTEXT ( 3 ) GLOBAL_UNCERTAINTY_ASSIGNED_CONTEXT ( ( #3333 ) ) GLOBAL_UNIT_ASSIGNED_CONTEXT ( ( #758, #738, #1033 ) ) REPRESENTATION_CONTEXT ( 'NONE', 'WORKASPACE' ) );
#848 = ORIENTED_EDGE ( 'NONE', *, *, #1554, .F. ) ;
#849 = VERTEX_POINT ( 'NONE', #2949 ) ;
#850 = ORIENTED_EDGE ( 'NONE', *, *, #691, .T. ) ;
#851 = CARTESIAN_POINT ( 'NONE',  ( -1.640155295723961792, 0.1199999999999998845, -0.4265409647687218309 ) ) ;
#852 = DIRECTION ( 'NONE',  ( 0.000000000000000000, 1.000000000000000000, 0.000000000000000000 ) ) ;
#853 = CARTESIAN_POINT ( 'NONE',  ( -1.350000000000000089, 1.769242250247064163, -0.7999999999999998224 ) ) ;
#854 = DIRECTION ( 'NONE',  ( 1.000000000000000000, -0.000000000000000000, 0.000000000000000000 ) ) ;
#855 = CARTESIAN_POINT ( 'NONE',  ( 0.2501383821942476660, 0.8249999999999999556, -0.7250000000000001998 ) ) ;
#856 = LINE ( 'NONE', #1331, #1936 ) ;
#857 = ORIENTED_EDGE ( 'NONE', *, *, #2782, .T. ) ;
#858 = DIRECTION ( 'NONE',  ( 0.000000000000000000, -0.000000000000000000, 1.000000000000000000 ) ) ;
#859 = CARTESIAN_POINT ( 'NONE',  ( 1.089959676763733842, 1.149999999999999911, -0.6499999999999812594 ) ) ;
#860 = MANIFOLD_SOLID_BREP ( 'Boss-Extrude6', #170 ) ;
#861 = CARTESIAN_POINT ( 'NONE',  ( -1.530000000000000249, 0.000000000000000000, -0.9378679656440411794 ) ) ;
#862 = CARTESIAN_POINT ( 'NONE',  ( 1.350000000000000311, 0.5000000000000000000, -1.349999999999999867 ) ) ;
#863 = CIRCLE ( 'NONE', #586, 1.549999999999999600 ) ;
#864 = ORIENTED_EDGE ( 'NONE', *, *, #2943, .T. ) ;
#865 = EDGE_CURVE ( 'NONE', #2537, #700, #1937, .T. ) ;
#866 = DIRECTION ( 'NONE',  ( 0.000000000000000000, 1.000000000000000000, -0.000000000000000000 ) ) ;
#867 = ORIENTED_EDGE ( 'NONE', *, *, #1179, .F. ) ;
#868 = FACE_OUTER_BOUND ( 'NONE', #2269, .T. ) ;
#869 = PLANE ( 'NONE',  #1807 ) ;
#870 = CARTESIAN_POINT ( 'NONE',  ( 1.350000000000000755, 0.1000000000000000056, 0.8000000000000007105 ) ) ;
#871 = ORIENTED_EDGE ( 'NONE', *, *, #1584, .T. ) ;
#872 = EDGE_CURVE ( 'NONE', #2184, #1303, #3103, .T. ) ;
#873 = DIRECTION ( 'NONE',  ( -0.000000000000000000, -0.000000000000000000, 1.000000000000000000 ) ) ;
#874 = ORIENTED_EDGE ( 'NONE', *, *, #2840, .F. ) ;
#875 = VECTOR ( 'NONE', #1590, 1000.000000000000000 ) ;
#876 = EDGE_CURVE ( 'NONE', #2967, #14, #752, .T. ) ;
#877 = VERTEX_POINT ( 'NONE', #32 ) ;
#878 = EDGE_LOOP ( 'NONE', ( #318, #762 ) ) ;
#879 = CARTESIAN_POINT ( 'NONE',  ( -1.636066017177981946, 0.000000000000000000, 1.043933982822024431 ) ) ;
#880 = CARTESIAN_POINT ( 'NONE',  ( -0.1499999999999999667, 1.149999999999999911, -1.549999999999999822 ) ) ;
#881 = CARTESIAN_POINT ( 'NONE',  ( 0.07500000000000009437, 0.9000000000000002442, 0.6892024376045107203 ) ) ;
#882 = CARTESIAN_POINT ( 'NONE',  ( 0.07500000000000009437, 1.094147020653047253, 0.5739670151702017664 ) ) ;
#883 = CARTESIAN_POINT ( 'NONE',  ( -0.01190816172703661885, 0.9333333333333333481, 0.8397454759004742142 ) ) ;
#884 = ORIENTED_EDGE ( 'NONE', *, *, #2498, .F. ) ;
#885 = FACE_OUTER_BOUND ( 'NONE', #3170, .T. ) ;
#886 = ORIENTED_EDGE ( 'NONE', *, *, #2267, .T. ) ;
#887 = ORIENTED_EDGE ( 'NONE', *, *, #3387, .T. ) ;
#888 = AXIS2_PLACEMENT_3D ( 'NONE', #910, #2232, #155 ) ;
#889 = DIRECTION ( 'NONE',  ( -0.000000000000000000, -1.000000000000000000, -0.000000000000000000 ) ) ;
#890 = DIRECTION ( 'NONE',  ( 0.000000000000000000, 1.000000000000000000, 0.000000000000000000 ) ) ;
#891 = DIRECTION ( 'NONE',  ( -1.000000000000000000, 0.000000000000000000, -0.000000000000000000 ) ) ;
#892 = PLANE ( 'NONE',  #2286 ) ;
#893 = CIRCLE ( 'NONE', #1891, 0.04864140247690286467 ) ;
#894 = ORIENTED_EDGE ( 'NONE', *, *, #1881, .T. ) ;
#895 = EDGE_CURVE ( 'NONE', #1322, #1961, #1858, .T. ) ;
#896 = CARTESIAN_POINT ( 'NONE',  ( -0.3749999999999998890, 1.000000000000000000, 0.1500000000000002165 ) ) ;
#897 = VECTOR ( 'NONE', #1234, 1000.000000000000000 ) ;
#898 = CARTESIAN_POINT ( 'NONE',  ( 0.000000000000000000, 0.5000000000000000000, 0.000000000000000000 ) ) ;
#899 = CARTESIAN_POINT ( 'NONE',  ( -0.1500000000000000777, 0.8249999999999999556, 0.7249999999999997558 ) ) ;
#900 = VERTEX_POINT ( 'NONE', #609 ) ;
#901 = ADVANCED_FACE ( 'NONE', ( #744 ), #3292, .F. ) ;
#902 = DIRECTION ( 'NONE',  ( 0.000000000000000000, -0.000000000000000000, 1.000000000000000000 ) ) ;
#903 = VECTOR ( 'NONE', #2985, 1000.000000000000000 ) ;
#904 = ORIENTED_EDGE ( 'NONE', *, *, #2477, .T. ) ;
#905 = ORIENTED_EDGE ( 'NONE', *, *, #1874, .T. ) ;
#906 = PRODUCT_DEFINITION_CONTEXT ( 'detailed design', #917, 'design' ) ;
#907 = DIRECTION ( 'NONE',  ( -1.000000000000000000, 0.000000000000000000, 0.000000000000000000 ) ) ;
#908 = DIRECTION ( 'NONE',  ( 0.000000000000000000, 0.000000000000000000, 1.000000000000000000 ) ) ;
#909 = LINE ( 'NONE', #2917, #3196 ) ;
#910 = CARTESIAN_POINT ( 'NONE',  ( -0.1499999999999999667, 1.149999999999999911, -2.168404344971008868E-16 ) ) ;
#911 = ORIENTED_EDGE ( 'NONE', *, *, #3172, .F. ) ;
#912 = AXIS2_PLACEMENT_3D ( 'NONE', #995, #1254, #260 ) ;
#913 = DIRECTION ( 'NONE',  ( -1.783687445056798050E-15, 0.000000000000000000, 1.000000000000000000 ) ) ;
#914 = CARTESIAN_POINT ( 'NONE',  ( 1.173708579590788226, 1.044855417309115797, -0.7931362691215092520 ) ) ;
#915 = EDGE_CURVE ( 'NONE', #1729, #2200, #2387, .T. ) ;
#916 = CARTESIAN_POINT ( 'NONE',  ( -1.680000000000000382, 1.769242250247064163, 0.4834450997597750654 ) ) ;
#917 = APPLICATION_CONTEXT ( 'automotive_design' ) ;
#918 = LINE ( 'NONE', #1520, #897 ) ;
#919 = EDGE_LOOP ( 'NONE', ( #2947, #588, #441, #1777 ) ) ;
#920 = AXIS2_PLACEMENT_3D ( 'NONE', #1589, #3213, #1383 ) ;
#921 = AXIS2_PLACEMENT_3D ( 'NONE', #1582, #3132, #2139 ) ;
#922 = DIRECTION ( 'NONE',  ( -0.7071067811865489050, -0.000000000000000000, 0.7071067811865462405 ) ) ;
#923 = LINE ( 'NONE', #363, #2063 ) ;
#924 = EDGE_CURVE ( 'NONE', #1087, #719, #1959, .T. ) ;
#925 = ADVANCED_FACE ( 'NONE', ( #3050 ), #632, .T. ) ;
#926 = DIRECTION ( 'NONE',  ( 0.000000000000000000, 0.000000000000000000, 1.000000000000000000 ) ) ;
#927 = CARTESIAN_POINT ( 'NONE',  ( -0.2199278861808487695, 0.9333333333333333481, 0.8480956387921729789 ) ) ;
#928 = ORIENTED_EDGE ( 'NONE', *, *, #876, .F. ) ;
#929 = ORIENTED_EDGE ( 'NONE', *, *, #223, .F. ) ;
#930 = AXIS2_PLACEMENT_3D ( 'NONE', #1443, #2484, #643 ) ;
#931 = AXIS2_PLACEMENT_3D ( 'NONE', #3309, #1396, #2503 ) ;
#932 = EDGE_CURVE ( 'NONE', #3253, #1814, #739, .T. ) ;
#933 = LINE ( 'NONE', #3237, #875 ) ;
#934 = ORIENTED_EDGE ( 'NONE', *, *, #2539, .T. ) ;
#935 = CARTESIAN_POINT ( 'NONE',  ( 0.000000000000000000, 0.5000000000000000000, 0.000000000000000000 ) ) ;
#936 = ADVANCED_FACE ( 'NONE', ( #1887 ), #1579, .F. ) ;
#937 = DIRECTION ( 'NONE',  ( 1.000000000000000000, 0.000000000000000000, -3.097720492815723221E-16 ) ) ;
#938 = ORIENTED_EDGE ( 'NONE', *, *, #2564, .F. ) ;
#939 = DIRECTION ( 'NONE',  ( -0.000000000000000000, -1.000000000000000000, -0.000000000000000000 ) ) ;
#940 = LINE ( 'NONE', #2594, #2076 ) ;
#941 = CARTESIAN_POINT ( 'NONE',  ( 1.599999999999999867, 0.7000000000000000666, -7.589415207398527094E-16 ) ) ;
#942 = VERTEX_POINT ( 'NONE', #2115 ) ;
#943 = CARTESIAN_POINT ( 'NONE',  ( -0.1499999999999999667, 0.7000000000000000666, -2.168404344971008868E-16 ) ) ;
#944 = DIRECTION ( 'NONE',  ( 0.000000000000000000, 1.000000000000000000, 0.000000000000000000 ) ) ;
#945 =( NAMED_UNIT ( * ) PLANE_ANGLE_UNIT ( ) SI_UNIT ( $, .RADIAN. ) );
#946 = VECTOR ( 'NONE', #966, 1000.000000000000000 ) ;
#947 = ORIENTED_EDGE ( 'NONE', *, *, #915, .T. ) ;
#948 = ORIENTED_EDGE ( 'NONE', *, *, #411, .F. ) ;
#949 = CARTESIAN_POINT ( 'NONE',  ( 1.679999999999999938, 0.1000000000000000056, -0.3986414024769028841 ) ) ;
#950 = ORIENTED_EDGE ( 'NONE', *, *, #3053, .T. ) ;
#951 = LINE ( 'NONE', #1456, #2043 ) ;
#952 = CARTESIAN_POINT ( 'NONE',  ( -0.1499999999999999667, 0.9500000000000002887, -2.168404344971008868E-16 ) ) ;
#953 = CARTESIAN_POINT ( 'NONE',  ( 0.3540940998920883431, 0.8249999999999999556, 0.6090401308363314614 ) ) ;
#954 = CARTESIAN_POINT ( 'NONE',  ( -0.2302113988545030632, 1.041666666666666741, 0.9728155856733751161 ) ) ;
#955 = AXIS2_PLACEMENT_3D ( 'NONE', #71, #532, #3265 ) ;
#956 = COLOUR_RGB ( '',0.7921568627450980005, 0.8196078431372548767, 0.9333333333333333481 ) ;
#957 = PRESENTATION_STYLE_ASSIGNMENT (( #2004 ) ) ;
#958 = ADVANCED_FACE ( 'NONE', ( #3062 ), #1529, .T. ) ;
#959 = CARTESIAN_POINT ( 'NONE',  ( 0.000000000000000000, 0.000000000000000000, -0.8000000000000000444 ) ) ;
#960 = AXIS2_PLACEMENT_3D ( 'NONE', #2353, #1817, #2540 ) ;
#961 = CARTESIAN_POINT ( 'NONE',  ( 0.000000000000000000, 0.5000000000000000000, 0.000000000000000000 ) ) ;
#962 = CARTESIAN_POINT ( 'NONE',  ( 1.640155295723961792, 0.1000000000000000056, 0.4265409647687226080 ) ) ;
#963 = DIRECTION ( 'NONE',  ( 0.000000000000000000, 0.000000000000000000, 1.000000000000000000 ) ) ;
#964 = VERTEX_POINT ( 'NONE', #2374 ) ;
#965 = AXIS2_PLACEMENT_3D ( 'NONE', #253, #3110, #3130 ) ;
#966 = DIRECTION ( 'NONE',  ( 1.000000000000000000, 0.000000000000000000, 7.744301232039321612E-16 ) ) ;
#967 = DIRECTION ( 'NONE',  ( -0.000000000000000000, -1.000000000000000000, -0.000000000000000000 ) ) ;
#968 = EDGE_CURVE ( 'NONE', #3155, #1626, #3107, .T. ) ;
#969 = AXIS2_PLACEMENT_3D ( 'NONE', #853, #1563, #1140 ) ;
#970 = FACE_OUTER_BOUND ( 'NONE', #1787, .T. ) ;
#971 = CARTESIAN_POINT ( 'NONE',  ( -0.1499999999999999667, 1.149999999999999911, -2.168404344971008868E-16 ) ) ;
#972 = ORIENTED_EDGE ( 'NONE', *, *, #440, .F. ) ;
#973 = PLANE ( 'NONE',  #1096 ) ;
#974 = SHAPE_DEFINITION_REPRESENTATION ( #2101, #1032 ) ;
#975 = VECTOR ( 'NONE', #2826, 1000.000000000000000 ) ;
#976 = CARTESIAN_POINT ( 'NONE',  ( 0.6148324274224790109, 1.149999999999999911, 0.9240608881654689410 ) ) ;
#977 = ORIENTED_EDGE ( 'NONE', *, *, #493, .F. ) ;
#978 = ORIENTED_EDGE ( 'NONE', *, *, #3274, .F. ) ;
#979 = ADVANCED_FACE ( 'NONE', ( #2989 ), #1946, .T. ) ;
#980 = FACE_OUTER_BOUND ( 'NONE', #3390, .T. ) ;
#981 = EDGE_LOOP ( 'NONE', ( #1649, #1307, #1202, #152 ) ) ;
#982 = DIRECTION ( 'NONE',  ( 0.000000000000000000, 1.000000000000000000, -0.000000000000000000 ) ) ;
#983 = ORIENTED_EDGE ( 'NONE', *, *, #243, .T. ) ;
#984 = DIRECTION ( 'NONE',  ( 0.000000000000000000, 0.000000000000000000, 1.000000000000000000 ) ) ;
#985 = EDGE_CURVE ( 'NONE', #3282, #157, #3056, .T. ) ;
#986 = CARTESIAN_POINT ( 'NONE',  ( 1.350000000000000311, 0.1000000000000000056, -0.8000000000000000444 ) ) ;
#987 = CARTESIAN_POINT ( 'NONE',  ( -0.3749999999999998890, 0.9500000000000002887, -0.6892024376045112755 ) ) ;
#988 = CYLINDRICAL_SURFACE ( 'NONE', #1030, 1.549999999999999600 ) ;
#989 = ADVANCED_FACE ( 'NONE', ( #721 ), #1864, .F. ) ;
#990 = VERTEX_POINT ( 'NONE', #755 ) ;
#991 = VERTEX_POINT ( 'NONE', #2354 ) ;
#992 = DIRECTION ( 'NONE',  ( -1.000000000000000000, 0.000000000000000000, 3.097720492815724700E-16 ) ) ;
#993 = VERTEX_POINT ( 'NONE', #1549 ) ;
#994 = ORIENTED_EDGE ( 'NONE', *, *, #2639, .T. ) ;
#995 = CARTESIAN_POINT ( 'NONE',  ( -1.026446609406727495, 0.5000000000000000000, 1.300000000000000266 ) ) ;
#996 = VERTEX_POINT ( 'NONE', #2320 ) ;
#997 = ORIENTED_EDGE ( 'NONE', *, *, #2948, .F. ) ;
#998 = DIRECTION ( 'NONE',  ( 0.000000000000000000, 1.000000000000000000, 0.000000000000000000 ) ) ;
#999 = DIRECTION ( 'NONE',  ( 0.000000000000000000, 0.000000000000000000, 1.000000000000000000 ) ) ;
#1000 = ORIENTED_EDGE ( 'NONE', *, *, #367, .T. ) ;
#1001 = LINE ( 'NONE', #442, #3256 ) ;
#1002 = DIRECTION ( 'NONE',  ( -1.000000000000000000, 0.000000000000000000, -7.744301232039322598E-16 ) ) ;
#1003 = CARTESIAN_POINT ( 'NONE',  ( -0.3544930325249951442, 0.9333333333333333481, 0.8261211544723391365 ) ) ;
#1004 = ORIENTED_EDGE ( 'NONE', *, *, #567, .T. ) ;
#1005 = AXIS2_PLACEMENT_3D ( 'NONE', #429, #2837, #1572 ) ;
#1006 = EDGE_LOOP ( 'NONE', ( #2934, #2600, #2590, #1466 ) ) ;
#1007 = EDGE_CURVE ( 'NONE', #37, #2070, #3027, .T. ) ;
#1008 = LINE ( 'NONE', #959, #3307 ) ;
#1009 = CARTESIAN_POINT ( 'NONE',  ( 0.07500000000000009437, 0.9000000000000002442, -0.6892024376045111644 ) ) ;
#1010 = ORIENTED_EDGE ( 'NONE', *, *, #1450, .F. ) ;
#1011 = DIRECTION ( 'NONE',  ( 0.000000000000000000, -0.000000000000000000, 1.000000000000000000 ) ) ;
#1012 = DIRECTION ( 'NONE',  ( -0.000000000000000000, -1.000000000000000000, -0.000000000000000000 ) ) ;
#1013 = ADVANCED_FACE ( 'NONE', ( #1967 ), #1921, .T. ) ;
#1014 = AXIS2_PLACEMENT_3D ( 'NONE', #1475, #2278, #2513 ) ;
#1015 = VERTEX_POINT ( 'NONE', #3178 ) ;
#1016 = VERTEX_POINT ( 'NONE', #274 ) ;
#1017 = ORIENTED_EDGE ( 'NONE', *, *, #2059, .F. ) ;
#1018 = AXIS2_PLACEMENT_3D ( 'NONE', #2987, #622, #3042 ) ;
#1019 = DIRECTION ( 'NONE',  ( 0.000000000000000000, 0.000000000000000000, -1.000000000000000000 ) ) ;
#1020 = AXIS2_PLACEMENT_3D ( 'NONE', #642, #944, #119 ) ;
#1021 = EDGE_CURVE ( 'NONE', #1849, #1338, #3078, .T. ) ;
#1022 = CARTESIAN_POINT ( 'NONE',  ( -1.680000000000000382, 0.1199999999999999956, -0.3986414024769028841 ) ) ;
#1023 = LINE ( 'NONE', #1324, #1024 ) ;
#1024 = VECTOR ( 'NONE', #1645, 1000.000000000000000 ) ;
#1025 = ORIENTED_EDGE ( 'NONE', *, *, #865, .T. ) ;
#1026 = CARTESIAN_POINT ( 'NONE',  ( -0.1500000000000001332, 0.9333333333333333481, 0.8499999999999996447 ) ) ;
#1027 = CARTESIAN_POINT ( 'NONE',  ( -0.1499999999999999667, 0.5000000000000000000, -2.168404344971008868E-16 ) ) ;
#1028 = ORIENTED_EDGE ( 'NONE', *, *, #2646, .T. ) ;
#1029 = CIRCLE ( 'NONE', #1604, 1.750000000000000222 ) ;
#1030 = AXIS2_PLACEMENT_3D ( 'NONE', #2327, #2499, #2757 ) ;
#1031 = ORIENTED_EDGE ( 'NONE', *, *, #2010, .F. ) ;
#1032 = ADVANCED_BREP_SHAPE_REPRESENTATION ( 'JR400', ( #2050, #1380, #860, #3278, #2704, #1018 ), #3138 ) ;
#1033 =( NAMED_UNIT ( * ) SI_UNIT ( $, .STERADIAN. ) SOLID_ANGLE_UNIT ( ) );
#1034 = VECTOR ( 'NONE', #1390, 1000.000000000000000 ) ;
#1035 = MECHANICAL_DESIGN_GEOMETRIC_PRESENTATION_REPRESENTATION (  '', ( #2982 ), #2789 ) ;
#1036 = ORIENTED_EDGE ( 'NONE', *, *, #2046, .F. ) ;
#1037 = EDGE_LOOP ( 'NONE', ( #1227, #2905, #111, #120 ) ) ;
#1038 = VERTEX_POINT ( 'NONE', #780 ) ;
#1039 = CARTESIAN_POINT ( 'NONE',  ( -0.1499999999999999667, 0.8249999999999999556, -2.168404344971008868E-16 ) ) ;
#1040 = DIRECTION ( 'NONE',  ( 0.000000000000000000, 0.000000000000000000, -1.000000000000000000 ) ) ;
#1041 = LINE ( 'NONE', #476, #2132 ) ;
#1042 = VERTEX_POINT ( 'NONE', #1075 ) ;
#1043 = EDGE_CURVE ( 'NONE', #373, #1914, #3001, .T. ) ;
#1044 = VERTEX_POINT ( 'NONE', #1098 ) ;
#1045 = ORIENTED_EDGE ( 'NONE', *, *, #1201, .T. ) ;
#1046 = VECTOR ( 'NONE', #889, 1000.000000000000000 ) ;
#1047 = DIRECTION ( 'NONE',  ( 0.000000000000000000, 0.000000000000000000, 1.000000000000000000 ) ) ;
#1048 = ORIENTED_EDGE ( 'NONE', *, *, #1603, .F. ) ;
#1049 = ORIENTED_EDGE ( 'NONE', *, *, #267, .T. ) ;
#1050 = LINE ( 'NONE', #2809, #3331 ) ;
#1051 = ORIENTED_EDGE ( 'NONE', *, *, #2292, .T. ) ;
#1052 = DIRECTION ( 'NONE',  ( 0.000000000000000000, 0.000000000000000000, -1.000000000000000000 ) ) ;
#1053 = VERTEX_POINT ( 'NONE', #2137 ) ;
#1054 = DIRECTION ( 'NONE',  ( -0.000000000000000000, -1.000000000000000000, -0.000000000000000000 ) ) ;
#1055 = VERTEX_POINT ( 'NONE', #1348 ) ;
#1056 = EDGE_CURVE ( 'NONE', #14, #1261, #785, .T. ) ;
#1057 = CARTESIAN_POINT ( 'NONE',  ( 1.350000000000000311, 0.5000000000000000000, 1.550000000000000488 ) ) ;
#1058 = CARTESIAN_POINT ( 'NONE',  ( -0.3749999999999998890, 0.9500000000000002887, -0.6892024376045112755 ) ) ;
#1059 = VECTOR ( 'NONE', #3203, 1000.000000000000000 ) ;
#1060 = VERTEX_POINT ( 'NONE', #2056 ) ;
#1061 = EDGE_CURVE ( 'NONE', #126, #10, #3008, .T. ) ;
#1062 = ORIENTED_EDGE ( 'NONE', *, *, #3324, .F. ) ;
#1063 = FACE_OUTER_BOUND ( 'NONE', #205, .T. ) ;
#1064 = ORIENTED_EDGE ( 'NONE', *, *, #3059, .F. ) ;
#1065 = CARTESIAN_POINT ( 'NONE',  ( 1.405019975759741691, 1.030161193230747285, -0.7976737091207903863 ) ) ;
#1066 = DIRECTION ( 'NONE',  ( 0.000000000000000000, -0.000000000000000000, 1.000000000000000000 ) ) ;
#1067 = EDGE_LOOP ( 'NONE', ( #1246, #1048 ) ) ;
#1068 = ORIENTED_EDGE ( 'NONE', *, *, #1007, .F. ) ;
#1069 = EDGE_LOOP ( 'NONE', ( #75, #1085, #2271, #1153 ) ) ;
#1070 = DIRECTION ( 'NONE',  ( -0.5735764363510476027, 0.000000000000000000, 0.8191520442889907994 ) ) ;
#1071 = CARTESIAN_POINT ( 'NONE',  ( -0.9148324274224792774, 1.149999999999999911, 0.9240608881654681639 ) ) ;
#1072 = ORIENTED_EDGE ( 'NONE', *, *, #2346, .T. ) ;
#1073 = CARTESIAN_POINT ( 'NONE',  ( -0.1265436120782684193, 0.9333333333333333481, 0.8499999999999996447 ) ) ;
#1074 = FACE_OUTER_BOUND ( 'NONE', #1909, .T. ) ;
#1075 = CARTESIAN_POINT ( 'NONE',  ( -1.680000000000000382, 0.1199999999999998845, 0.3499999999999999778 ) ) ;
#1076 = DIRECTION ( 'NONE',  ( 0.000000000000000000, -1.000000000000000000, 0.000000000000000000 ) ) ;
#1077 = CARTESIAN_POINT ( 'NONE',  ( -1.680000000000000382, 0.5000000000000000000, -0.7999999999999998224 ) ) ;
#1078 = FACE_OUTER_BOUND ( 'NONE', #2405, .T. ) ;
#1079 = ORIENTED_EDGE ( 'NONE', *, *, #1056, .F. ) ;
#1080 = EDGE_CURVE ( 'NONE', #1097, #2265, #358, .T. ) ;
#1081 = CARTESIAN_POINT ( 'NONE',  ( 0.000000000000000000, 0.000000000000000000, 0.000000000000000000 ) ) ;
#1082 = DIRECTION ( 'NONE',  ( 1.000000000000000000, 0.000000000000000000, 0.000000000000000000 ) ) ;
#1083 = VECTOR ( 'NONE', #76, 1000.000000000000000 ) ;
#1084 = ORIENTED_EDGE ( 'NONE', *, *, #826, .F. ) ;
#1085 = ORIENTED_EDGE ( 'NONE', *, *, #267, .F. ) ;
#1086 = CARTESIAN_POINT ( 'NONE',  ( 0.07500000000000008049, 1.085477903853260484, -0.6104686181708708359 ) ) ;
#1087 = VERTEX_POINT ( 'NONE', #617 ) ;
#1088 = ORIENTED_EDGE ( 'NONE', *, *, #3283, .F. ) ;
#1089 = SURFACE_STYLE_USAGE ( .BOTH. , #331 ) ;
#1090 = CARTESIAN_POINT ( 'NONE',  ( 0.8249999999999998446, 1.041666666666666741, 0.4304937077400177170 ) ) ;
#1091 = ORIENTED_EDGE ( 'NONE', *, *, #3228, .T. ) ;
#1092 = AXIS2_PLACEMENT_3D ( 'NONE', #3111, #2802, #2775 ) ;
#1093 = CARTESIAN_POINT ( 'NONE',  ( 1.564642819948224961, -1.654819834129047207, -0.3499999999999999778 ) ) ;
#1094 = ADVANCED_FACE ( 'NONE', ( #970 ), #2899, .F. ) ;
#1095 = ORIENTED_EDGE ( 'NONE', *, *, #2722, .T. ) ;
#1096 = AXIS2_PLACEMENT_3D ( 'NONE', #1237, #1487, #1730 ) ;
#1097 = VERTEX_POINT ( 'NONE', #2463 ) ;
#1098 = CARTESIAN_POINT ( 'NONE',  ( 0.07500000000000009437, 0.9500000000000002887, -0.6892024376045111644 ) ) ;
#1099 = VERTEX_POINT ( 'NONE', #2649 ) ;
#1100 = PLANE ( 'NONE',  #921 ) ;
#1101 = DIRECTION ( 'NONE',  ( -1.000000000000000000, 0.000000000000000000, -7.228014483236697541E-16 ) ) ;
#1102 = AXIS2_PLACEMENT_3D ( 'NONE', #1342, #2367, #610 ) ;
#1103 = EDGE_CURVE ( 'NONE', #2319, #1814, #3127, .T. ) ;
#1104 = ORIENTED_EDGE ( 'NONE', *, *, #3361, .F. ) ;
#1105 = DIRECTION ( 'NONE',  ( -0.000000000000000000, -1.000000000000000000, -0.000000000000000000 ) ) ;
#1106 = PLANE ( 'NONE',  #833 ) ;
#1107 = VERTEX_POINT ( 'NONE', #1670 ) ;
#1108 = ORIENTED_EDGE ( 'NONE', *, *, #62, .T. ) ;
#1109 = CARTESIAN_POINT ( 'NONE',  ( 1.390912487209355231, 1.083380845592700759, -0.7746901543356420339 ) ) ;
#1110 = CARTESIAN_POINT ( 'NONE',  ( 0.07500000000000008049, 1.030711057532547326, -0.6708015001730248672 ) ) ;
#1111 = CARTESIAN_POINT ( 'NONE',  ( -0.1499999999999999667, 0.5000000000000000000, -2.168404344971008868E-16 ) ) ;
#1112 = ORIENTED_EDGE ( 'NONE', *, *, #3306, .F. ) ;
#1113 = VERTEX_POINT ( 'NONE', #351 ) ;
#1114 = CARTESIAN_POINT ( 'NONE',  ( -0.3749999999999999445, 1.000000000000000000, -0.1499999999999997724 ) ) ;
#1115 = CARTESIAN_POINT ( 'NONE',  ( -1.680000000000000382, 0.1199999999999999956, -0.4834450997597750654 ) ) ;
#1116 = ORIENTED_EDGE ( 'NONE', *, *, #2539, .F. ) ;
#1117 = CARTESIAN_POINT ( 'NONE',  ( 0.8249999999999998446, 1.041666666666666741, 0.4304937077400177170 ) ) ;
#1118 = CARTESIAN_POINT ( 'NONE',  ( -0.1499999999999997724, 1.149999999999999911, 1.549999999999999378 ) ) ;
#1119 = EDGE_LOOP ( 'NONE', ( #449, #2636, #707, #1176 ) ) ;
#1120 = CARTESIAN_POINT ( 'NONE',  ( 1.350000000000000311, 0.5000000000000000000, -1.349999999999999867 ) ) ;
#1121 = CARTESIAN_POINT ( 'NONE',  ( 1.176244587696706256, 1.030572512252656781, -0.7976121833717966236 ) ) ;
#1122 = EDGE_LOOP ( 'NONE', ( #2135, #3264, #53, #2065 ) ) ;
#1123 = DIRECTION ( 'NONE',  ( 0.000000000000000000, 0.000000000000000000, -1.000000000000000000 ) ) ;
#1124 = DIRECTION ( 'NONE',  ( -1.000000000000000000, 0.000000000000000000, 0.000000000000000000 ) ) ;
#1125 = ADVANCED_FACE ( 'NONE', ( #2002 ), #3212, .T. ) ;
#1126 = AXIS2_PLACEMENT_3D ( 'NONE', #2727, #3295, #1410 ) ;
#1127 = ORIENTED_EDGE ( 'NONE', *, *, #247, .F. ) ;
#1128 = EDGE_CURVE ( 'NONE', #2771, #803, #2099, .T. ) ;
#1129 = ORIENTED_EDGE ( 'NONE', *, *, #2768, .T. ) ;
#1130 = CARTESIAN_POINT ( 'NONE',  ( -1.640155295723961348, 0.1199999999999999956, 0.4265409647687222749 ) ) ;
#1131 = ORIENTED_EDGE ( 'NONE', *, *, #2433, .F. ) ;
#1132 = VERTEX_POINT ( 'NONE', #1417 ) ;
#1133 = CARTESIAN_POINT ( 'NONE',  ( 0.07500000000000009437, 0.9500000000000002887, -0.6892024376045111644 ) ) ;
#1134 = EDGE_CURVE ( 'NONE', #2228, #1619, #3175, .T. ) ;
#1135 = AXIS2_PLACEMENT_3D ( 'NONE', #1723, #1253, #180 ) ;
#1136 = EDGE_LOOP ( 'NONE', ( #61, #620, #848, #3024, #884, #215 ) ) ;
#1137 = FILL_AREA_STYLE ('',( #330 ) ) ;
#1138 = AXIS2_PLACEMENT_3D ( 'NONE', #1423, #43, #299 ) ;
#1139 = ORIENTED_EDGE ( 'NONE', *, *, #2282, .F. ) ;
#1140 = DIRECTION ( 'NONE',  ( 0.000000000000000000, 0.000000000000000000, 1.000000000000000000 ) ) ;
#1141 = CARTESIAN_POINT ( 'NONE',  ( 0.07500000000000009437, 1.100000000000000311, 0.5442160391515076245 ) ) ;
#1142 = ORIENTED_EDGE ( 'NONE', *, *, #78, .T. ) ;
#1143 = ORIENTED_EDGE ( 'NONE', *, *, #2662, .T. ) ;
#1144 = CARTESIAN_POINT ( 'NONE',  ( -1.750000000000000222, 1.769242250247064163, 0.3499999999999999778 ) ) ;
#1145 = ORIENTED_EDGE ( 'NONE', *, *, #66, .T. ) ;
#1146 = CARTESIAN_POINT ( 'NONE',  ( -1.350000000000000089, 1.769242250247064163, -0.7999999999999998224 ) ) ;
#1147 = VERTEX_POINT ( 'NONE', #3300 ) ;
#1148 = DIRECTION ( 'NONE',  ( -0.000000000000000000, -1.000000000000000000, -0.000000000000000000 ) ) ;
#1149 = ORIENTED_EDGE ( 'NONE', *, *, #3105, .T. ) ;
#1150 = CARTESIAN_POINT ( 'NONE',  ( 1.600000000000000089, 0.5500000000000000444, 0.3500000000000003664 ) ) ;
#1151 = VERTEX_POINT ( 'NONE', #537 ) ;
#1152 = EDGE_LOOP ( 'NONE', ( #806, #696, #793, #769, #1534, #141 ) ) ;
#1153 = ORIENTED_EDGE ( 'NONE', *, *, #811, .F. ) ;
#1154 = CARTESIAN_POINT ( 'NONE',  ( -0.5250000000000004663, 1.100000000000000089, 2.159934015498465865E-16 ) ) ;
#1155 = CARTESIAN_POINT ( 'NONE',  ( 1.680000000000000160, 0.1000000000000000056, 0.3986414024769032727 ) ) ;
#1156 = ORIENTED_EDGE ( 'NONE', *, *, #2755, .T. ) ;
#1157 = ADVANCED_FACE ( 'NONE', ( #868 ), #3167, .T. ) ;
#1158 = DIRECTION ( 'NONE',  ( 0.000000000000000000, 0.000000000000000000, 1.000000000000000000 ) ) ;
#1159 = CARTESIAN_POINT ( 'NONE',  ( -1.680000000000000382, 0.6420337307994701259, 0.3986414024769032727 ) ) ;
#1160 = CARTESIAN_POINT ( 'NONE',  ( -1.750000000000000222, 0.1199999999999998845, 0.3499999999999999778 ) ) ;
#1161 = ORIENTED_EDGE ( 'NONE', *, *, #1603, .T. ) ;
#1162 = ORIENTED_EDGE ( 'NONE', *, *, #2317, .T. ) ;
#1163 = EDGE_LOOP ( 'NONE', ( #2870, #1713, #2808, #1145, #1162, #1363, #2296, #2867, #602 ) ) ;
#1164 = AXIS2_PLACEMENT_3D ( 'NONE', #1394, #2423, #3252 ) ;
#1165 = ORIENTED_EDGE ( 'NONE', *, *, #727, .T. ) ;
#1166 = DIRECTION ( 'NONE',  ( 1.000000000000000000, 0.000000000000000000, -0.000000000000000000 ) ) ;
#1167 = CARTESIAN_POINT ( 'NONE',  ( 0.07500000000000009437, 1.100000000000000089, 0.5291502622129178324 ) ) ;
#1168 = ORIENTED_EDGE ( 'NONE', *, *, #1607, .F. ) ;
#1169 = CARTESIAN_POINT ( 'NONE',  ( -0.05950508847184277778, 1.149999999999999911, 1.097535532554577031 ) ) ;
#1170 = CARTESIAN_POINT ( 'NONE',  ( 1.350000000000000311, -1.654819834129047207, -0.3905124837953304895 ) ) ;
#1171 = DIRECTION ( 'NONE',  ( 0.000000000000000000, 0.000000000000000000, 1.000000000000000000 ) ) ;
#1172 = EDGE_LOOP ( 'NONE', ( #2430, #3106, #2365, #782, #2445, #270 ) ) ;
#1173 = DIRECTION ( 'NONE',  ( 0.000000000000000000, 0.000000000000000000, -1.000000000000000000 ) ) ;
#1174 = CARTESIAN_POINT ( 'NONE',  ( -0.3749999999999998890, 0.9500000000000002887, 0.6892024376045108314 ) ) ;
#1175 = EDGE_LOOP ( 'NONE', ( #1283, #3016, #2971 ) ) ;
#1176 = ORIENTED_EDGE ( 'NONE', *, *, #226, .F. ) ;
#1177 = CARTESIAN_POINT ( 'NONE',  ( 1.177591804735174996, 0.5000000000000000000, 0.8000000000000000444 ) ) ;
#1178 = CARTESIAN_POINT ( 'NONE',  ( -0.1769058567337511989, 1.041666666666666741, 0.9749999999999997558 ) ) ;
#1179 = EDGE_CURVE ( 'NONE', #1055, #259, #893, .T. ) ;
#1180 = ORIENTED_EDGE ( 'NONE', *, *, #1471, .F. ) ;
#1181 = AXIS2_PLACEMENT_3D ( 'NONE', #1744, #2456, #2302 ) ;
#1182 = CARTESIAN_POINT ( 'NONE',  ( 1.350000000000000533, 0.1000000000000000056, -3.659182332138577465E-16 ) ) ;
#1183 = VERTEX_POINT ( 'NONE', #3352 ) ;
#1184 = EDGE_CURVE ( 'NONE', #1273, #126, #3202, .T. ) ;
#1185 = DIRECTION ( 'NONE',  ( 0.000000000000000000, 1.000000000000000000, -0.000000000000000000 ) ) ;
#1186 = CARTESIAN_POINT ( 'NONE',  ( 1.379584726436051234, 1.106721022419610234, 0.7563593106306005787 ) ) ;
#1187 = ORIENTED_EDGE ( 'NONE', *, *, #508, .T. ) ;
#1188 = ORIENTED_EDGE ( 'NONE', *, *, #3092, .F. ) ;
#1189 = CARTESIAN_POINT ( 'NONE',  ( 1.350000000000000311, 0.1000000000000000056, -0.8000000000000000444 ) ) ;
#1190 = DIRECTION ( 'NONE',  ( 0.000000000000000000, 1.000000000000000000, -0.000000000000000000 ) ) ;
#1191 = ADVANCED_FACE ( 'NONE', ( #885 ), #1506, .F. ) ;
#1192 = PLANE ( 'NONE',  #2210 ) ;
#1193 = CARTESIAN_POINT ( 'NONE',  ( 1.101457838989960969, 1.149733940411213906, -0.6690291113818918056 ) ) ;
#1194 = DIRECTION ( 'NONE',  ( 0.8191520442889907994, -0.000000000000000000, 0.5735764363510476027 ) ) ;
#1195 = EDGE_CURVE ( 'NONE', #1042, #2319, #2030, .T. ) ;
#1196 = AXIS2_PLACEMENT_3D ( 'NONE', #151, #634, #2008 ) ;
#1197 = CARTESIAN_POINT ( 'NONE',  ( -1.680000000000000382, 0.000000000000000000, -0.4834450997597750654 ) ) ;
#1198 = CARTESIAN_POINT ( 'NONE',  ( -0.2096443735071945036, 0.8249999999999999556, 0.7233756919109710637 ) ) ;
#1199 = CARTESIAN_POINT ( 'NONE',  ( -1.203223304703363361, 0.000000000000000000, 1.476776695296638131 ) ) ;
#1200 = ORIENTED_EDGE ( 'NONE', *, *, #3160, .T. ) ;
#1201 = EDGE_CURVE ( 'NONE', #1151, #3317, #2054, .T. ) ;
#1202 = ORIENTED_EDGE ( 'NONE', *, *, #2710, .T. ) ;
#1203 = ORIENTED_EDGE ( 'NONE', *, *, #741, .T. ) ;
#1204 = DIRECTION ( 'NONE',  ( 1.000000000000000000, -0.000000000000000000, -3.097720492815724700E-16 ) ) ;
#1205 = CARTESIAN_POINT ( 'NONE',  ( 0.07500000000000009437, 1.027398601074213103, 0.6675663591167950717 ) ) ;
#1206 = PLANE ( 'NONE',  #2647 ) ;
#1207 = ADVANCED_FACE ( 'NONE', ( #3239 ), #3190, .T. ) ;
#1208 = AXIS2_PLACEMENT_3D ( 'NONE', #1159, #3234, #1970 ) ;
#1209 = ORIENTED_EDGE ( 'NONE', *, *, #295, .F. ) ;
#1210 = ORIENTED_EDGE ( 'NONE', *, *, #712, .F. ) ;
#1211 = DIRECTION ( 'NONE',  ( 0.000000000000000000, 1.000000000000000000, -0.000000000000000000 ) ) ;
#1212 = CARTESIAN_POINT ( 'NONE',  ( 1.091306203143501463, 1.149983461485170055, -0.6522273933069518970 ) ) ;
#1213 = EDGE_CURVE ( 'NONE', #746, #1619, #2036, .T. ) ;
#1214 = PLANE ( 'NONE',  #732 ) ;
#1215 = FILL_AREA_STYLE ('',( #1673 ) ) ;
#1216 = ORIENTED_EDGE ( 'NONE', *, *, #219, .F. ) ;
#1217 = EDGE_CURVE ( 'NONE', #2055, #1269, #918, .T. ) ;
#1218 = AXIS2_PLACEMENT_3D ( 'NONE', #1826, #3076, #2487 ) ;
#1219 = DIRECTION ( 'NONE',  ( 0.000000000000000000, 1.000000000000000000, 0.000000000000000000 ) ) ;
#1220 = CARTESIAN_POINT ( 'NONE',  ( -0.1230941432662491231, 1.041666666666666741, 0.9749999999999997558 ) ) ;
#1221 = EDGE_LOOP ( 'NONE', ( #1025, #850 ) ) ;
#1222 = ORIENTED_EDGE ( 'NONE', *, *, #2072, .T. ) ;
#1223 = CARTESIAN_POINT ( 'NONE',  ( -0.1499999999999999667, 3.200609665440988127, -0.7250000000000001998 ) ) ;
#1224 = CARTESIAN_POINT ( 'NONE',  ( 1.150000000000000133, 0.000000000000000000, 1.350000000000000311 ) ) ;
#1225 = ORIENTED_EDGE ( 'NONE', *, *, #2142, .F. ) ;
#1226 = UNCERTAINTY_MEASURE_WITH_UNIT (LENGTH_MEASURE( 1.000000000000000082E-05 ), #3068, 'distance_accuracy_value', 'NONE');
#1227 = ORIENTED_EDGE ( 'NONE', *, *, #2997, .F. ) ;
#1228 = DIRECTION ( 'NONE',  ( 3.097720492815725193E-16, -0.000000000000000000, 1.000000000000000000 ) ) ;
#1229 = CARTESIAN_POINT ( 'NONE',  ( -1.680000000000000382, 0.1199999999999998845, 0.4834450997597750654 ) ) ;
#1230 = EDGE_LOOP ( 'NONE', ( #2785, #1225, #2119, #1676 ) ) ;
#1231 = DIRECTION ( 'NONE',  ( -0.000000000000000000, -1.000000000000000000, 0.000000000000000000 ) ) ;
#1232 = VERTEX_POINT ( 'NONE', #1482 ) ;
#1233 = CARTESIAN_POINT ( 'NONE',  ( -0.1499999999999999667, -1.654819834129047207, -2.168404344971008868E-16 ) ) ;
#1234 = DIRECTION ( 'NONE',  ( 2.710505431213760099E-16, 0.000000000000000000, 1.000000000000000000 ) ) ;
#1235 = DIRECTION ( 'NONE',  ( -0.000000000000000000, -1.000000000000000000, -0.000000000000000000 ) ) ;
#1236 = EDGE_LOOP ( 'NONE', ( #2289, #2529, #510, #578 ) ) ;
#1237 = CARTESIAN_POINT ( 'NONE',  ( 0.000000000000000000, 0.9000000000000001332, 0.000000000000000000 ) ) ;
#1238 = ORIENTED_EDGE ( 'NONE', *, *, #924, .T. ) ;
#1239 = CARTESIAN_POINT ( 'NONE',  ( -0.1499999999999999667, 1.149999999999999911, -2.168404344971008868E-16 ) ) ;
#1240 = EDGE_CURVE ( 'NONE', #664, #81, #2048, .T. ) ;
#1241 = CARTESIAN_POINT ( 'NONE',  ( -0.2677842149975276920, 0.8249999999999999556, 0.7162534941504044017 ) ) ;
#1242 = ADVANCED_FACE ( 'NONE', ( #2091 ), #2308, .F. ) ;
#1243 = ORIENTED_EDGE ( 'NONE', *, *, #2282, .T. ) ;
#1244 =( LENGTH_UNIT ( ) NAMED_UNIT ( * ) SI_UNIT ( .MILLI., .METRE. ) );
#1245 = CARTESIAN_POINT ( 'NONE',  ( 1.336349245666389907, 1.146312110151823660, 0.6876944423468926981 ) ) ;
#1246 = ORIENTED_EDGE ( 'NONE', *, *, #1982, .F. ) ;
#1247 = VECTOR ( 'NONE', #430, 1000.000000000000000 ) ;
#1248 = VERTEX_POINT ( 'NONE', #3115 ) ;
#1249 = DIRECTION ( 'NONE',  ( -0.000000000000000000, 1.000000000000000000, -0.000000000000000000 ) ) ;
#1250 = CIRCLE ( 'NONE', #888, 1.100000000000000089 ) ;
#1251 = AXIS2_PLACEMENT_3D ( 'NONE', #2642, #1923, #2682 ) ;
#1252 = DIRECTION ( 'NONE',  ( 0.000000000000000000, 1.000000000000000000, -0.000000000000000000 ) ) ;
#1253 = DIRECTION ( 'NONE',  ( -6.776263578034412573E-16, 0.000000000000000000, -1.000000000000000000 ) ) ;
#1254 = DIRECTION ( 'NONE',  ( 0.000000000000000000, -1.000000000000000000, 0.000000000000000000 ) ) ;
#1255 = EDGE_CURVE ( 'NONE', #2279, #664, #951, .T. ) ;
#1256 = LINE ( 'NONE', #221, #2450 ) ;
#1257 = EDGE_LOOP ( 'NONE', ( #186, #391 ) ) ;
#1258 = DIRECTION ( 'NONE',  ( 0.7071067811865435759, 0.000000000000000000, -0.7071067811865515695 ) ) ;
#1259 = CARTESIAN_POINT ( 'NONE',  ( -1.125000000000000222, 1.041666666666666741, 0.4304937077400176060 ) ) ;
#1260 = EDGE_CURVE ( 'NONE', #2222, #1707, #933, .T. ) ;
#1261 = VERTEX_POINT ( 'NONE', #1877 ) ;
#1262 = VECTOR ( 'NONE', #2014, 1000.000000000000000 ) ;
#1263 = VERTEX_POINT ( 'NONE', #381 ) ;
#1264 = FILL_AREA_STYLE ('',( #2565 ) ) ;
#1265 = DIRECTION ( 'NONE',  ( 0.000000000000000000, 0.000000000000000000, 1.000000000000000000 ) ) ;
#1266 = EDGE_CURVE ( 'NONE', #2086, #251, #909, .T. ) ;
#1267 = AXIS2_PLACEMENT_3D ( 'NONE', #410, #388, #3064 ) ;
#1268 = VECTOR ( 'NONE', #1433, 1000.000000000000000 ) ;
#1269 = VERTEX_POINT ( 'NONE', #1975 ) ;
#1270 = DIRECTION ( 'NONE',  ( 0.000000000000000000, 1.000000000000000000, 0.000000000000000000 ) ) ;
#1271 = CARTESIAN_POINT ( 'NONE',  ( -1.640155295723961792, 1.769242250247064163, -0.4265409647687218309 ) ) ;
#1272 = CIRCLE ( 'NONE', #1567, 0.2500000000000000000 ) ;
#1273 = VERTEX_POINT ( 'NONE', #879 ) ;
#1274 = EDGE_LOOP ( 'NONE', ( #3297, #2104, #653, #3215, #2952, #3243 ) ) ;
#1275 = DIRECTION ( 'NONE',  ( -1.000000000000000000, 0.000000000000000000, 0.000000000000000000 ) ) ;
#1276 = DIRECTION ( 'NONE',  ( 0.000000000000000000, 0.000000000000000000, 1.000000000000000000 ) ) ;
#1277 = ORIENTED_EDGE ( 'NONE', *, *, #2330, .F. ) ;
#1278 = LINE ( 'NONE', #2745, #165 ) ;
#1279 = ADVANCED_FACE ( 'NONE', ( #3142 ), #2725, .F. ) ;
#1280 = CARTESIAN_POINT ( 'NONE',  ( -1.680000000000000382, 0.5000000000000000000, 1.000000000000006439 ) ) ;
#1281 = LINE ( 'NONE', #2481, #144 ) ;
#1282 = CARTESIAN_POINT ( 'NONE',  ( -0.3244205277419075495, 0.8249999999999999556, 0.7046327494028774563 ) ) ;
#1283 = ORIENTED_EDGE ( 'NONE', *, *, #106, .T. ) ;
#1284 = DIRECTION ( 'NONE',  ( 0.000000000000000000, 0.000000000000000000, -1.000000000000000000 ) ) ;
#1285 = ORIENTED_EDGE ( 'NONE', *, *, #649, .F. ) ;
#1286 = DIRECTION ( 'NONE',  ( 1.000000000000000000, -0.000000000000000000, -0.000000000000000000 ) ) ;
#1287 = DIRECTION ( 'NONE',  ( -0.000000000000000000, -1.000000000000000000, -0.000000000000000000 ) ) ;
#1288 = LINE ( 'NONE', #1093, #124 ) ;
#1289 = ORIENTED_EDGE ( 'NONE', *, *, #1043, .T. ) ;
#1290 = CARTESIAN_POINT ( 'NONE',  ( -0.3749999999999998890, 1.085477903853260928, 0.6104686181708705028 ) ) ;
#1291 = VERTEX_POINT ( 'NONE', #3028 ) ;
#1292 = DIRECTION ( 'NONE',  ( 0.000000000000000000, 1.000000000000000000, 0.000000000000000000 ) ) ;
#1293 = AXIS2_PLACEMENT_3D ( 'NONE', #1938, #1370, #639 ) ;
#1294 = CIRCLE ( 'NONE', #1628, 0.1500000000000000777 ) ;
#1295 = CARTESIAN_POINT ( 'NONE',  ( -0.3749999999999999445, 1.100000000000000089, -0.1499999999999997724 ) ) ;
#1296 = AXIS2_PLACEMENT_3D ( 'NONE', #2442, #563, #1173 ) ;
#1297 =( NAMED_UNIT ( * ) PLANE_ANGLE_UNIT ( ) SI_UNIT ( $, .RADIAN. ) );
#1298 = ORIENTED_EDGE ( 'NONE', *, *, #1728, .F. ) ;
#1299 = ORIENTED_EDGE ( 'NONE', *, *, #1881, .F. ) ;
#1300 = ORIENTED_EDGE ( 'NONE', *, *, #257, .F. ) ;
#1301 = ORIENTED_EDGE ( 'NONE', *, *, #2787, .F. ) ;
#1302 = CARTESIAN_POINT ( 'NONE',  ( -1.125000000000000000, 1.041666666666666741, -0.5381171346750230899 ) ) ;
#1303 = VERTEX_POINT ( 'NONE', #1634 ) ;
#1304 = ADVANCED_FACE ( 'NONE', ( #3233 ), #131, .F. ) ;
#1305 = AXIS2_PLACEMENT_3D ( 'NONE', #1910, #1599, #2114 ) ;
#1306 = CARTESIAN_POINT ( 'NONE',  ( 1.350000000000000311, -1.654819834129047207, 0.8000000000000000444 ) ) ;
#1307 = ORIENTED_EDGE ( 'NONE', *, *, #2811, .F. ) ;
#1308 = LINE ( 'NONE', #1439, #1262 ) ;
#1309 = EDGE_LOOP ( 'NONE', ( #1298, #25, #13, #1127 ) ) ;
#1310 = CARTESIAN_POINT ( 'NONE',  ( 1.350000000000000311, 0.5000000000000000000, 0.3905124837953301009 ) ) ;
#1311 = CIRCLE ( 'NONE', #1985, 0.2500000000000000000 ) ;
#1312 = CIRCLE ( 'NONE', #93, 1.549999999999999600 ) ;
#1313 = SURFACE_SIDE_STYLE ('',( #1652 ) ) ;
#1314 = EDGE_CURVE ( 'NONE', #2, #3131, #923, .T. ) ;
#1315 = VECTOR ( 'NONE', #179, 1000.000000000000000 ) ;
#1316 = VERTEX_POINT ( 'NONE', #1528 ) ;
#1317 = CARTESIAN_POINT ( 'NONE',  ( 1.350000000000000755, 0.000000000000000000, 0.8000000000000007105 ) ) ;
#1318 = CARTESIAN_POINT ( 'NONE',  ( -0.7571065109154100359, 1.149999999999999911, -1.100000000000000311 ) ) ;
#1319 = EDGE_CURVE ( 'NONE', #3187, #1876, #2069, .T. ) ;
#1320 = FACE_OUTER_BOUND ( 'NONE', #3090, .T. ) ;
#1321 = CARTESIAN_POINT ( 'NONE',  ( -0.1299930808902877433, 0.8249999999999999556, 0.7249999999999997558 ) ) ;
#1322 = VERTEX_POINT ( 'NONE', #3340 ) ;
#1323 = DIRECTION ( 'NONE',  ( 0.000000000000000000, 1.000000000000000000, -0.000000000000000000 ) ) ;
#1324 = CARTESIAN_POINT ( 'NONE',  ( -1.680000000000000382, 1.769242250247064163, -0.3499999999999999778 ) ) ;
#1325 = CARTESIAN_POINT ( 'NONE',  ( -1.130000000000000338, 0.5000000000000000000, 1.550000000000000488 ) ) ;
#1326 = ORIENTED_EDGE ( 'NONE', *, *, #2943, .F. ) ;
#1327 = FACE_OUTER_BOUND ( 'NONE', #432, .T. ) ;
#1328 = EDGE_CURVE ( 'NONE', #3204, #3303, #2088, .T. ) ;
#1329 = STYLED_ITEM ( 'NONE', ( #1895 ), #860 ) ;
#1330 = CARTESIAN_POINT ( 'NONE',  ( -1.680000000000000382, 0.1199999999999998845, -0.7999999999999998224 ) ) ;
#1331 = CARTESIAN_POINT ( 'NONE',  ( -1.680000000000000382, 0.5000000000000000000, -1.000000000000005773 ) ) ;
#1332 = ADVANCED_FACE ( 'NONE', ( #3224 ), #3372, .F. ) ;
#1333 = VERTEX_POINT ( 'NONE', #1009 ) ;
#1334 = AXIS2_PLACEMENT_3D ( 'NONE', #2986, #2191, #2759 ) ;
#1335 = EDGE_CURVE ( 'NONE', #1248, #1829, #2096, .T. ) ;
#1336 = ORIENTED_EDGE ( 'NONE', *, *, #2236, .F. ) ;
#1337 = LINE ( 'NONE', #1160, #118 ) ;
#1338 = VERTEX_POINT ( 'NONE', #2299 ) ;
#1339 = PLANE ( 'NONE',  #47 ) ;
#1340 = FILL_AREA_STYLE_COLOUR ( '', #505 ) ;
#1341 = LINE ( 'NONE', #763, #2411 ) ;
#1342 = CARTESIAN_POINT ( 'NONE',  ( -0.1499999999999999667, 0.9000000000000002442, -2.168404344971008868E-16 ) ) ;
#1343 = CARTESIAN_POINT ( 'NONE',  ( -0.1499999999999998002, 1.000000000000000000, -1.399999999999999689 ) ) ;
#1344 = LINE ( 'NONE', #2752, #214 ) ;
#1345 = ORIENTED_EDGE ( 'NONE', *, *, #1260, .F. ) ;
#1346 = AXIS2_PLACEMENT_3D ( 'NONE', #1953, #347, #1928 ) ;
#1347 = PLANE ( 'NONE',  #1740 ) ;
#1348 = CARTESIAN_POINT ( 'NONE',  ( 1.679999999999999938, 0.000000000000000000, -0.3499999999999999778 ) ) ;
#1349 = ORIENTED_EDGE ( 'NONE', *, *, #1890, .F. ) ;
#1350 = ORIENTED_EDGE ( 'NONE', *, *, #1664, .T. ) ;
#1351 = CARTESIAN_POINT ( 'NONE',  ( -1.680000000000000382, 0.1199999999999998845, -0.3499999999999999778 ) ) ;
#1352 = CARTESIAN_POINT ( 'NONE',  ( -0.1499999999999999667, -1.654819834129047207, -2.168404344971008868E-16 ) ) ;
#1353 = ORIENTED_EDGE ( 'NONE', *, *, #1240, .F. ) ;
#1354 = VERTEX_POINT ( 'NONE', #3128 ) ;
#1355 = DIRECTION ( 'NONE',  ( -0.000000000000000000, -1.000000000000000000, -0.000000000000000000 ) ) ;
#1356 = MECHANICAL_DESIGN_GEOMETRIC_PRESENTATION_REPRESENTATION (  '', ( #3402 ), #1971 ) ;
#1357 = ORIENTED_EDGE ( 'NONE', *, *, #411, .T. ) ;
#1358 = CARTESIAN_POINT ( 'NONE',  ( -0.1499999999999999667, 1.149999999999999911, 0.6500000000000001332 ) ) ;
#1359 = DIRECTION ( 'NONE',  ( 0.000000000000000000, 1.000000000000000000, 0.000000000000000000 ) ) ;
#1360 = EDGE_CURVE ( 'NONE', #597, #1322, #863, .T. ) ;
#1361 = CARTESIAN_POINT ( 'NONE',  ( -0.3749999999999998890, 3.200609665440988127, 0.6892024376045108314 ) ) ;
#1362 = DIRECTION ( 'NONE',  ( 0.000000000000000000, 1.000000000000000000, 0.000000000000000000 ) ) ;
#1363 = ORIENTED_EDGE ( 'NONE', *, *, #1890, .T. ) ;
#1364 = CARTESIAN_POINT ( 'NONE',  ( 0.6999999999999999556, 0.9333333333333333481, 0.3753022067477078116 ) ) ;
#1365 = AXIS2_PLACEMENT_3D ( 'NONE', #2999, #1633, #902 ) ;
#1366 = EDGE_LOOP ( 'NONE', ( #3186, #2585, #1518, #1510, #172, #1062 ) ) ;
#1367 = AXIS2_PLACEMENT_3D ( 'NONE', #2083, #80, #2580 ) ;
#1368 = EDGE_CURVE ( 'NONE', #1668, #1269, #837, .T. ) ;
#1369 = DIRECTION ( 'NONE',  ( -1.781189283369042886E-15, 0.000000000000000000, 1.000000000000000000 ) ) ;
#1370 = DIRECTION ( 'NONE',  ( 0.000000000000000000, 1.000000000000000000, -0.000000000000000000 ) ) ;
#1371 = ORIENTED_EDGE ( 'NONE', *, *, #2855, .T. ) ;
#1372 = CARTESIAN_POINT ( 'NONE',  ( -1.130000000000000338, 0.000000000000000000, -1.550000000000000044 ) ) ;
#1373 = CARTESIAN_POINT ( 'NONE',  ( 0.000000000000000000, 0.1000000000000000056, -0.8000000000000000444 ) ) ;
#1374 = CARTESIAN_POINT ( 'NONE',  ( -0.5250000000000004663, 0.6645898033750313738, 2.159934015498465865E-16 ) ) ;
#1375 = AXIS2_PLACEMENT_3D ( 'NONE', #1613, #2920, #3220 ) ;
#1376 = EDGE_CURVE ( 'NONE', #900, #2319, #940, .T. ) ;
#1377 = ORIENTED_EDGE ( 'NONE', *, *, #263, .T. ) ;
#1378 = ORIENTED_EDGE ( 'NONE', *, *, #1924, .F. ) ;
#1379 = DIRECTION ( 'NONE',  ( 1.807003620809174385E-16, 0.000000000000000000, 1.000000000000000000 ) ) ;
#1380 = MANIFOLD_SOLID_BREP ( 'Cut-Extrude4', #3118 ) ;
#1381 = DIRECTION ( 'NONE',  ( -0.000000000000000000, 0.000000000000000000, 1.000000000000000000 ) ) ;
#1382 = VERTEX_POINT ( 'NONE', #2510 ) ;
#1383 = DIRECTION ( 'NONE',  ( -1.000000000000000000, 0.000000000000000000, -0.000000000000000000 ) ) ;
#1384 = CARTESIAN_POINT ( 'NONE',  ( -1.026446609406727495, 0.5000000000000000000, 1.550000000000000488 ) ) ;
#1385 = DIRECTION ( 'NONE',  ( 1.000000000000000000, -0.000000000000000000, -0.000000000000000000 ) ) ;
#1386 =( NAMED_UNIT ( * ) SI_UNIT ( $, .STERADIAN. ) SOLID_ANGLE_UNIT ( ) );
#1387 = VERTEX_POINT ( 'NONE', #3084 ) ;
#1388 = CARTESIAN_POINT ( 'NONE',  ( -1.680000000000000382, 0.1199999999999998845, 0.4834450997597750654 ) ) ;
#1389 = CARTESIAN_POINT ( 'NONE',  ( -1.203223304703363139, 0.000000000000000000, -1.476776695296637687 ) ) ;
#1390 = DIRECTION ( 'NONE',  ( -0.000000000000000000, -1.000000000000000000, -0.000000000000000000 ) ) ;
#1391 = EDGE_CURVE ( 'NONE', #1087, #3152, #1001, .T. ) ;
#1392 = CARTESIAN_POINT ( 'NONE',  ( 1.162761290707243989, 1.084558130768930262, -0.7738948042529004701 ) ) ;
#1393 = DIRECTION ( 'NONE',  ( 0.000000000000000000, 0.000000000000000000, 1.000000000000000000 ) ) ;
#1394 = CARTESIAN_POINT ( 'NONE',  ( -0.1499999999999999667, 1.000000000000000000, -2.168404344971008868E-16 ) ) ;
#1395 = LINE ( 'NONE', #1118, #2364 ) ;
#1396 = DIRECTION ( 'NONE',  ( 0.000000000000000000, 1.000000000000000000, 0.000000000000000000 ) ) ;
#1397 = ORIENTED_EDGE ( 'NONE', *, *, #3002, .F. ) ;
#1398 = CIRCLE ( 'NONE', #2326, 0.04864140247690286467 ) ;
#1399 = CARTESIAN_POINT ( 'NONE',  ( -1.680000000000000382, 1.769242250247064163, 0.8000000000000002665 ) ) ;
#1400 = CARTESIAN_POINT ( 'NONE',  ( -0.5250000000000004663, 1.000000000000000000, 2.159934015498465865E-16 ) ) ;
#1401 = PLANE ( 'NONE',  #1365 ) ;
#1402 = ORIENTED_EDGE ( 'NONE', *, *, #2312, .F. ) ;
#1403 = EDGE_CURVE ( 'NONE', #2064, #3351, #1041, .T. ) ;
#1404 = AXIS2_PLACEMENT_3D ( 'NONE', #733, #1514, #1548 ) ;
#1405 = LINE ( 'NONE', #2891, #1432 ) ;
#1406 = DIRECTION ( 'NONE',  ( 0.000000000000000000, 1.000000000000000000, 0.000000000000000000 ) ) ;
#1407 = AXIS2_PLACEMENT_3D ( 'NONE', #2686, #3296, #2460 ) ;
#1408 = CARTESIAN_POINT ( 'NONE',  ( 1.312019151721346644, 1.149999999999999911, 0.6500000000000001332 ) ) ;
#1409 = CARTESIAN_POINT ( 'NONE',  ( -1.680000000000000382, 0.1199999999999998845, 0.3986414024769028841 ) ) ;
#1410 = DIRECTION ( 'NONE',  ( 0.5735764363510491570, 0.000000000000000000, 0.8191520442889895781 ) ) ;
#1411 = CARTESIAN_POINT ( 'NONE',  ( -0.08007211381915119164, 0.9333333333333333481, 0.8480956387921729789 ) ) ;
#1412 = EDGE_LOOP ( 'NONE', ( #183, #3054, #3136, #823, #1349 ) ) ;
#1413 = VECTOR ( 'NONE', #3399, 1000.000000000000000 ) ;
#1414 = DIRECTION ( 'NONE',  ( 1.000000000000000000, 0.000000000000000000, 0.000000000000000000 ) ) ;
#1415 = ADVANCED_FACE ( 'NONE', ( #1063 ), #272, .F. ) ;
#1416 = CARTESIAN_POINT ( 'NONE',  ( -1.680000000000000382, 1.769242250247064163, -0.3986414024769028841 ) ) ;
#1417 = CARTESIAN_POINT ( 'NONE',  ( 1.599999999999999867, 0.5499999999999999334, -0.3499999999999999778 ) ) ;
#1418 = EDGE_LOOP ( 'NONE', ( #1079, #929, #2133, #3281 ) ) ;
#1419 = EDGE_CURVE ( 'NONE', #2940, #81, #1008, .T. ) ;
#1420 = VERTEX_POINT ( 'NONE', #3057 ) ;
#1421 = DIRECTION ( 'NONE',  ( 1.000000000000000000, 0.000000000000000000, 0.000000000000000000 ) ) ;
#1422 = DIRECTION ( 'NONE',  ( 0.000000000000000000, 0.000000000000000000, -1.000000000000000000 ) ) ;
#1423 = CARTESIAN_POINT ( 'NONE',  ( -0.1499999999999999667, 1.100000000000000089, -2.168404344971008868E-16 ) ) ;
#1424 = VECTOR ( 'NONE', #2179, 1000.000000000000000 ) ;
#1425 = ADVANCED_FACE ( 'NONE', ( #1078 ), #420, .T. ) ;
#1426 = EDGE_LOOP ( 'NONE', ( #1203, #3125, #2240, #2294, #3013, #1765, #2016, #48, #193, #2256, #98, #1200 ) ) ;
#1427 = EDGE_CURVE ( 'NONE', #2338, #238, #3280, .T. ) ;
#1428 = DIRECTION ( 'NONE',  ( 0.7071067811865489050, 0.000000000000000000, -0.7071067811865462405 ) ) ;
#1429 = PLANE ( 'NONE',  #920 ) ;
#1430 = ORIENTED_EDGE ( 'NONE', *, *, #2599, .F. ) ;
#1431 = EDGE_CURVE ( 'NONE', #104, #3193, #3350, .T. ) ;
#1432 = VECTOR ( 'NONE', #2726, 1000.000000000000000 ) ;
#1433 = DIRECTION ( 'NONE',  ( -0.5735764363510476027, 0.000000000000000000, -0.8191520442889906883 ) ) ;
#1434 = CLOSED_SHELL ( 'NONE', ( #1511, #1748, #2573, #523, #3336, #676, #1991, #591, #925, #1764, #936, #1191, #1596, #3025, #3241, #2693, #2226, #2397, #1575, #2305, #2313 ) ) ;
#1435 = DIRECTION ( 'NONE',  ( 0.000000000000000000, 0.000000000000000000, 1.000000000000000000 ) ) ;
#1436 = CARTESIAN_POINT ( 'NONE',  ( -1.680000000000000382, 0.6420337307994701259, -0.3499999999999999778 ) ) ;
#1437 = ORIENTED_EDGE ( 'NONE', *, *, #674, .T. ) ;
#1438 = CARTESIAN_POINT ( 'NONE',  ( -0.1500000000000001332, 0.9333333333333333481, 0.8499999999999996447 ) ) ;
#1439 = CARTESIAN_POINT ( 'NONE',  ( 1.749999999999999778, 0.5500000000000000444, -5.421010862427517240E-16 ) ) ;
#1440 = CARTESIAN_POINT ( 'NONE',  ( -1.680000000000000382, 0.000000000000000000, 0.3986414024769028841 ) ) ;
#1441 = ORIENTED_EDGE ( 'NONE', *, *, #190, .T. ) ;
#1442 = CARTESIAN_POINT ( 'NONE',  ( -0.3749999999999999445, 0.6645898033750313738, -0.1499999999999997724 ) ) ;
#1443 = CARTESIAN_POINT ( 'NONE',  ( 1.350000000000000311, 0.5000000000000000000, 1.550000000000000488 ) ) ;
#1444 = LINE ( 'NONE', #2437, #1464 ) ;
#1445 = EDGE_CURVE ( 'NONE', #1889, #2071, #1029, .T. ) ;
#1446 = ORIENTED_EDGE ( 'NONE', *, *, #3361, .T. ) ;
#1447 = SURFACE_STYLE_FILL_AREA ( #346 ) ;
#1448 = CARTESIAN_POINT ( 'NONE',  ( 1.599999999999999867, 0.000000000000000000, -0.3499999999999999778 ) ) ;
#1449 = CARTESIAN_POINT ( 'NONE',  ( -0.1700069191097123844, 0.8249999999999999556, 0.7249999999999997558 ) ) ;
#1450 = EDGE_CURVE ( 'NONE', #1876, #2955, #2138, .T. ) ;
#1451 = AXIS2_PLACEMENT_3D ( 'NONE', #1559, #2681, #817 ) ;
#1452 = ADVANCED_FACE ( 'NONE', ( #2158 ), #2209, .F. ) ;
#1453 = AXIS2_PLACEMENT_3D ( 'NONE', #1892, #276, #2163 ) ;
#1454 = LINE ( 'NONE', #1838, #2572 ) ;
#1455 = EDGE_CURVE ( 'NONE', #664, #400, #3365, .T. ) ;
#1456 = CARTESIAN_POINT ( 'NONE',  ( 0.000000000000000000, 0.1000000000000000056, -0.8000000000000000444 ) ) ;
#1457 = CARTESIAN_POINT ( 'NONE',  ( 1.395757434088268578, 1.071628913956982121, 0.7825487218573098369 ) ) ;
#1458 = PLANE ( 'NONE',  #512 ) ;
#1459 = CARTESIAN_POINT ( 'NONE',  ( 0.07500000000000009437, 1.098046931009100557, 0.5594147530100396226 ) ) ;
#1460 = DIRECTION ( 'NONE',  ( -0.000000000000000000, 1.000000000000000000, 0.000000000000000000 ) ) ;
#1461 = CARTESIAN_POINT ( 'NONE',  ( 1.145396261258354142, 1.117132941084115760, -0.7437009824547483605 ) ) ;
#1462 = CARTESIAN_POINT ( 'NONE',  ( -0.1499999999999998002, 1.149999999999999911, -1.399999999999999689 ) ) ;
#1463 =( NAMED_UNIT ( * ) SI_UNIT ( $, .STERADIAN. ) SOLID_ANGLE_UNIT ( ) );
#1464 = VECTOR ( 'NONE', #2660, 1000.000000000000000 ) ;
#1465 = DIRECTION ( 'NONE',  ( 0.000000000000000000, 0.000000000000000000, 1.000000000000000000 ) ) ;
#1466 = ORIENTED_EDGE ( 'NONE', *, *, #1524, .F. ) ;
#1467 = DIRECTION ( 'NONE',  ( -1.000000000000000000, -0.000000000000000000, 0.000000000000000000 ) ) ;
#1468 = CARTESIAN_POINT ( 'NONE',  ( -0.5501383821942473773, 0.8249999999999999556, -0.7250000000000001998 ) ) ;
#1469 = ORIENTED_EDGE ( 'NONE', *, *, #3017, .F. ) ;
#1470 = CARTESIAN_POINT ( 'NONE',  ( -1.680000000000000382, 0.5000000000000000000, -1.000000000000005773 ) ) ;
#1471 = EDGE_CURVE ( 'NONE', #2470, #746, #2103, .T. ) ;
#1472 = CYLINDRICAL_SURFACE ( 'NONE', #194, 0.1499999999999999667 ) ;
#1473 = ORIENTED_EDGE ( 'NONE', *, *, #1834, .F. ) ;
#1474 = DIRECTION ( 'NONE',  ( 1.000000000000000000, 0.000000000000000000, -0.000000000000000000 ) ) ;
#1475 = CARTESIAN_POINT ( 'NONE',  ( 1.669999999999999929, 0.1000000000000000056, 0.000000000000000000 ) ) ;
#1476 = DIRECTION ( 'NONE',  ( 0.000000000000000000, 1.000000000000000000, -0.000000000000000000 ) ) ;
#1477 = ADVANCED_FACE ( 'NONE', ( #1074 ), #1347, .F. ) ;
#1478 = CARTESIAN_POINT ( 'NONE',  ( -1.130000000000000338, 0.5000000000000000000, -1.550000000000000044 ) ) ;
#1479 = CIRCLE ( 'NONE', #5, 0.04864140247690286467 ) ;
#1480 = CARTESIAN_POINT ( 'NONE',  ( -1.640155295723961792, 0.6420337307994701259, 0.4265409647687222749 ) ) ;
#1481 = CARTESIAN_POINT ( 'NONE',  ( -0.5250000000000004663, 1.100000000000000089, 2.159934015498465865E-16 ) ) ;
#1482 = CARTESIAN_POINT ( 'NONE',  ( -0.3749999999999998890, 1.100000000000000089, 0.1500000000000002165 ) ) ;
#1483 = EDGE_CURVE ( 'NONE', #559, #3149, #1023, .T. ) ;
#1484 = CARTESIAN_POINT ( 'NONE',  ( 1.669999999999999929, 0.000000000000000000, -0.000000000000000000 ) ) ;
#1485 = APPLICATION_PROTOCOL_DEFINITION ( 'draft international standard', 'automotive_design', 1998, #1694 ) ;
#1486 = FACE_OUTER_BOUND ( 'NONE', #1929, .T. ) ;
#1487 = DIRECTION ( 'NONE',  ( 0.000000000000000000, -1.000000000000000000, 0.000000000000000000 ) ) ;
#1488 = ADVANCED_FACE ( 'NONE', ( #3293 ), #3262, .F. ) ;
#1489 = VECTOR ( 'NONE', #2950, 1000.000000000000000 ) ;
#1490 = EDGE_CURVE ( 'NONE', #2843, #1183, #2188, .T. ) ;
#1491 = AXIS2_PLACEMENT_3D ( 'NONE', #1761, #1783, #1002 ) ;
#1492 = CARTESIAN_POINT ( 'NONE',  ( 0.9001520239938711754, 0.000000000000000000, -0.6302932327352410713 ) ) ;
#1493 = CARTESIAN_POINT ( 'NONE',  ( -1.249999999999999778, 1.149999999999999911, -0.6071065109154104578 ) ) ;
#1494 = CARTESIAN_POINT ( 'NONE',  ( -0.2677842149975276920, 0.8249999999999999556, 0.7162534941504044017 ) ) ;
#1495 = EDGE_CURVE ( 'NONE', #3152, #3380, #3288, .T. ) ;
#1496 = DIRECTION ( 'NONE',  ( 0.000000000000000000, -0.000000000000000000, 1.000000000000000000 ) ) ;
#1497 = LINE ( 'NONE', #962, #2538 ) ;
#1498 = ADVANCED_FACE ( 'NONE', ( #2217 ), #536, .T. ) ;
#1499 = DIRECTION ( 'NONE',  ( 0.000000000000000000, 0.000000000000000000, 1.000000000000000000 ) ) ;
#1500 = CARTESIAN_POINT ( 'NONE',  ( -0.1499999999999998834, 0.8249999999999999556, -0.7250000000000001998 ) ) ;
#1501 = DIRECTION ( 'NONE',  ( 0.7071067811865436870, -0.000000000000000000, 0.7071067811865513475 ) ) ;
#1502 = CARTESIAN_POINT ( 'NONE',  ( -0.3749999999999998890, 1.012922940270548411, -0.6756274344027531908 ) ) ;
#1503 = AXIS2_PLACEMENT_3D ( 'NONE', #2683, #2975, #402 ) ;
#1504 = ADVANCED_FACE ( 'NONE', ( #3246 ), #2665, .T. ) ;
#1505 = DIRECTION ( 'NONE',  ( 0.000000000000000000, 0.000000000000000000, 1.000000000000000000 ) ) ;
#1506 = PLANE ( 'NONE',  #1135 ) ;
#1507 = CARTESIAN_POINT ( 'NONE',  ( 1.167406373758381077, 1.072645279983744704, 0.7820253178817712092 ) ) ;
#1508 = EDGE_CURVE ( 'NONE', #1387, #1042, #2150, .T. ) ;
#1509 = CARTESIAN_POINT ( 'NONE',  ( -0.8749999999999997780, 0.8249999999999999556, -0.4001383821942479102 ) ) ;
#1510 = ORIENTED_EDGE ( 'NONE', *, *, #2312, .T. ) ;
#1511 = ADVANCED_FACE ( 'NONE', ( #980 ), #3226, .T. ) ;
#1512 = VECTOR ( 'NONE', #479, 1000.000000000000000 ) ;
#1513 = ORIENTED_EDGE ( 'NONE', *, *, #1184, .F. ) ;
#1514 = DIRECTION ( 'NONE',  ( 0.000000000000000000, 1.000000000000000000, 0.000000000000000000 ) ) ;
#1515 = CARTESIAN_POINT ( 'NONE',  ( -0.1499999999999999667, 1.000000000000000000, -2.168404344971008868E-16 ) ) ;
#1516 = PLANE ( 'NONE',  #2922 ) ;
#1517 = LINE ( 'NONE', #446, #2696 ) ;
#1518 = ORIENTED_EDGE ( 'NONE', *, *, #2860, .F. ) ;
#1519 = DIRECTION ( 'NONE',  ( -0.7071067811865489050, 0.000000000000000000, -0.7071067811865461294 ) ) ;
#1520 = CARTESIAN_POINT ( 'NONE',  ( 1.350000000000000533, 0.1000000000000000056, -3.659182332138577465E-16 ) ) ;
#1521 = DIRECTION ( 'NONE',  ( -0.5735764363510481578, 0.000000000000000000, 0.8191520442889902442 ) ) ;
#1522 = PLANE ( 'NONE',  #1774 ) ;
#1523 = LINE ( 'NONE', #1531, #398 ) ;
#1524 = EDGE_CURVE ( 'NONE', #1387, #900, #2120, .T. ) ;
#1525 = DIRECTION ( 'NONE',  ( 0.8191520442889907994, 0.000000000000000000, -0.5735764363510476027 ) ) ;
#1526 = CARTESIAN_POINT ( 'NONE',  ( -0.4146380420911702225, 1.149999999999999911, 1.069097964611262830 ) ) ;
#1527 = LINE ( 'NONE', #2827, #2628 ) ;
#1528 = CARTESIAN_POINT ( 'NONE',  ( -0.1499999999999998834, 0.8249999999999999556, 0.7249999999999997558 ) ) ;
#1529 = PLANE ( 'NONE',  #965 ) ;
#1530 = EDGE_CURVE ( 'NONE', #1303, #130, #2107, .T. ) ;
#1531 = CARTESIAN_POINT ( 'NONE',  ( -0.3749999999999998890, 1.100000000000000089, -2.168404344971008868E-16 ) ) ;
#1532 = CARTESIAN_POINT ( 'NONE',  ( -1.680000000000000382, 0.1199999999999999956, -1.000000000000005773 ) ) ;
#1533 = ADVANCED_FACE ( 'NONE', ( #3335 ), #988, .T. ) ;
#1534 = ORIENTED_EDGE ( 'NONE', *, *, #3370, .F. ) ;
#1535 = PLANE ( 'NONE',  #2678 ) ;
#1536 = CARTESIAN_POINT ( 'NONE',  ( 1.173708579590788004, 1.044855417309115797, 0.7931362691215092520 ) ) ;
#1537 = CARTESIAN_POINT ( 'NONE',  ( -1.750000000000000222, 1.769242250247064163, -0.3499999999999999778 ) ) ;
#1538 = VECTOR ( 'NONE', #521, 1000.000000000000000 ) ;
#1539 = UNCERTAINTY_MEASURE_WITH_UNIT (LENGTH_MEASURE( 1.000000000000000082E-05 ), #745, 'distance_accuracy_value', 'NONE');
#1540 = ORIENTED_EDGE ( 'NONE', *, *, #2046, .T. ) ;
#1541 = VECTOR ( 'NONE', #3294, 1000.000000000000000 ) ;
#1542 = SURFACE_SIDE_STYLE ('',( #3015 ) ) ;
#1543 = CARTESIAN_POINT ( 'NONE',  ( -1.125000000000000222, 1.041666666666666741, 0.4304937077400176060 ) ) ;
#1544 = ORIENTED_EDGE ( 'NONE', *, *, #3223, .T. ) ;
#1545 = EDGE_CURVE ( 'NONE', #2307, #597, #2117, .T. ) ;
#1546 = FACE_OUTER_BOUND ( 'NONE', #2098, .T. ) ;
#1547 = B_SPLINE_CURVE_WITH_KNOTS ( 'NONE', 3,
 ( #1833, #2605, #1086, #1110, #846, #1133 ),
 .UNSPECIFIED., .F., .F.,
 ( 4, 2, 4 ),
 ( 0.000000000000000000, 0.0001212709030979453533, 0.0002425418061958907066 ),
 .UNSPECIFIED. ) ;
#1548 = DIRECTION ( 'NONE',  ( 0.000000000000000000, 0.000000000000000000, 1.000000000000000000 ) ) ;
#1549 = CARTESIAN_POINT ( 'NONE',  ( 1.670000000000000151, 0.000000000000000000, 0.4691636196923543167 ) ) ;
#1550 = CARTESIAN_POINT ( 'NONE',  ( 0.000000000000000000, 0.1000000000000000056, 0.000000000000000000 ) ) ;
#1551 = CARTESIAN_POINT ( 'NONE',  ( -1.680000000000000382, 0.000000000000000000, -0.9378679656440411794 ) ) ;
#1552 = VECTOR ( 'NONE', #2613, 1000.000000000000000 ) ;
#1553 = AXIS2_PLACEMENT_3D ( 'NONE', #3094, #428, #222 ) ;
#1554 = EDGE_CURVE ( 'NONE', #849, #1849, #3320, .T. ) ;
#1555 = PLANE ( 'NONE',  #1218 ) ;
#1556 = ADVANCED_FACE ( 'NONE', ( #2182 ), #1192, .F. ) ;
#1557 = CARTESIAN_POINT ( 'NONE',  ( 1.151945117454369782, 1.108084538266973063, 0.7550121342305322614 ) ) ;
#1558 = CIRCLE ( 'NONE', #1092, 0.2000000000000000944 ) ;
#1559 = CARTESIAN_POINT ( 'NONE',  ( -1.680000000000000382, 0.5000000000000000000, -0.3986414024769028841 ) ) ;
#1560 = AXIS2_PLACEMENT_3D ( 'NONE', #86, #1381, #1082 ) ;
#1561 = FACE_OUTER_BOUND ( 'NONE', #1274, .T. ) ;
#1562 = DIRECTION ( 'NONE',  ( -1.000000000000000000, 0.000000000000000000, 0.000000000000000000 ) ) ;
#1563 = DIRECTION ( 'NONE',  ( -1.000000000000000000, 0.000000000000000000, 0.000000000000000000 ) ) ;
#1564 = CARTESIAN_POINT ( 'NONE',  ( -0.3083994615483994228, 1.041666666666666741, 0.9632374576505441377 ) ) ;
#1565 = EDGE_CURVE ( 'NONE', #2003, #261, #2195, .T. ) ;
#1566 = CYLINDRICAL_SURFACE ( 'NONE', #1367, 0.7249999999999999778 ) ;
#1567 = AXIS2_PLACEMENT_3D ( 'NONE', #2310, #1725, #1276 ) ;
#1568 = DIRECTION ( 'NONE',  ( 0.000000000000000000, 0.000000000000000000, 1.000000000000000000 ) ) ;
#1569 = AXIS2_PLACEMENT_3D ( 'NONE', #661, #3133, #1715 ) ;
#1570 = CARTESIAN_POINT ( 'NONE',  ( -0.1499999999999999667, 1.000000000000000000, 0.6500000000000001332 ) ) ;
#1571 = CARTESIAN_POINT ( 'NONE',  ( -1.750000000000000222, 0.000000000000000000, -0.7999999999999998224 ) ) ;
#1572 = DIRECTION ( 'NONE',  ( 0.000000000000000000, -0.000000000000000000, 1.000000000000000000 ) ) ;
#1573 = FACE_OUTER_BOUND ( 'NONE', #542, .T. ) ;
#1574 = EDGE_CURVE ( 'NONE', #1745, #1758, #1050, .T. ) ;
#1575 = ADVANCED_FACE ( 'NONE', ( #3343 ), #188, .F. ) ;
#1576 = FACE_OUTER_BOUND ( 'NONE', #3123, .T. ) ;
#1577 = DIRECTION ( 'NONE',  ( 1.000000000000000000, -0.000000000000000000, 1.224646799147353207E-16 ) ) ;
#1578 = LINE ( 'NONE', #2711, #2699 ) ;
#1579 = PLANE ( 'NONE',  #2073 ) ;
#1580 = EDGE_CURVE ( 'NONE', #2771, #1914, #1312, .T. ) ;
#1581 = AXIS2_PLACEMENT_3D ( 'NONE', #216, #1287, #1791 ) ;
#1582 = CARTESIAN_POINT ( 'NONE',  ( -1.680000000000000382, 1.769242250247064163, 0.8000000000000002665 ) ) ;
#1583 = DIRECTION ( 'NONE',  ( 0.000000000000000000, 1.000000000000000000, 0.000000000000000000 ) ) ;
#1584 = EDGE_CURVE ( 'NONE', #843, #1232, #127, .T. ) ;
#1585 = DIRECTION ( 'NONE',  ( 0.000000000000000000, 0.000000000000000000, 1.000000000000000000 ) ) ;
#1586 = LINE ( 'NONE', #2303, #2709 ) ;
#1587 = VECTOR ( 'NONE', #998, 1000.000000000000000 ) ;
#1588 = EDGE_CURVE ( 'NONE', #1707, #2611, #199, .T. ) ;
#1589 = CARTESIAN_POINT ( 'NONE',  ( -1.750000000000000000, 0.1199999999999999956, 0.8000000000000002665 ) ) ;
#1590 = DIRECTION ( 'NONE',  ( 1.000000000000000000, 0.000000000000000000, 0.000000000000000000 ) ) ;
#1591 = LINE ( 'NONE', #1372, #2645 ) ;
#1592 = FILL_AREA_STYLE_COLOUR ( '', #356 ) ;
#1593 = CARTESIAN_POINT ( 'NONE',  ( -0.1499999999999999667, 0.7000000000000000666, -2.168404344971008868E-16 ) ) ;
#1594 = EDGE_CURVE ( 'NONE', #1690, #2228, #1308, .T. ) ;
#1595 = CARTESIAN_POINT ( 'NONE',  ( 1.350000000000000311, 0.000000000000000000, -1.550000000000000044 ) ) ;
#1596 = ADVANCED_FACE ( 'NONE', ( #2390 ), #2287, .F. ) ;
#1597 = AXIS2_PLACEMENT_3D ( 'NONE', #109, #939, #908 ) ;
#1598 = VECTOR ( 'NONE', #873, 1000.000000000000000 ) ;
#1599 = DIRECTION ( 'NONE',  ( -0.7071067811865462405, 0.000000000000000000, -0.7071067811865489050 ) ) ;
#1600 = CARTESIAN_POINT ( 'NONE',  ( -1.530000000000000249, 0.5000000000000000000, 0.9378679656440416235 ) ) ;
#1601 = CARTESIAN_POINT ( 'NONE',  ( -0.3749999999999997780, 1.100000000000000311, 0.5701297931856281753 ) ) ;
#1602 = CARTESIAN_POINT ( 'NONE',  ( 1.350000000000000311, 0.5000000000000000000, -1.550000000000000044 ) ) ;
#1603 = EDGE_CURVE ( 'NONE', #1316, #1829, #2469, .T. ) ;
#1604 = AXIS2_PLACEMENT_3D ( 'NONE', #2186, #2215, #1568 ) ;
#1605 = LINE ( 'NONE', #150, #2723 ) ;
#1606 = VECTOR ( 'NONE', #3305, 1000.000000000000000 ) ;
#1607 = EDGE_CURVE ( 'NONE', #157, #843, #1281, .T. ) ;
#1608 = DIRECTION ( 'NONE',  ( 0.000000000000000000, 1.000000000000000000, -0.000000000000000000 ) ) ;
#1609 = LINE ( 'NONE', #3216, #1598 ) ;
#1610 = CIRCLE ( 'NONE', #538, 0.04864140247690286467 ) ;
#1611 = VECTOR ( 'NONE', #206, 1000.000000000000000 ) ;
#1612 = CARTESIAN_POINT ( 'NONE',  ( -0.1499999999999999667, 0.8249999999999999556, -2.168404344971008868E-16 ) ) ;
#1613 = CARTESIAN_POINT ( 'NONE',  ( -1.680000000000000382, 0.5000000000000000000, -0.3986414024769028841 ) ) ;
#1614 = DIRECTION ( 'NONE',  ( 0.5735764363510476027, -0.000000000000000000, 0.8191520442889907994 ) ) ;
#1615 = CARTESIAN_POINT ( 'NONE',  ( 0.5749999999999999556, 0.8249999999999999556, -0.4001383821942476882 ) ) ;
#1616 = VECTOR ( 'NONE', #2260, 1000.000000000000000 ) ;
#1617 = VECTOR ( 'NONE', #355, 1000.000000000000000 ) ;
#1618 = EDGE_CURVE ( 'NONE', #208, #2843, #129, .T. ) ;
#1619 = VERTEX_POINT ( 'NONE', #3093 ) ;
#1620 = CARTESIAN_POINT ( 'NONE',  ( -1.350000000000000089, 0.1199999999999998845, -0.7999999999999998224 ) ) ;
#1621 = CARTESIAN_POINT ( 'NONE',  ( -1.130000000000000338, 0.000000000000000000, 1.550000000000000488 ) ) ;
#1622 = DIRECTION ( 'NONE',  ( 0.000000000000000000, -1.000000000000000000, 0.000000000000000000 ) ) ;
#1623 = EDGE_CURVE ( 'NONE', #803, #280, #153, .T. ) ;
#1624 = FACE_OUTER_BOUND ( 'NONE', #1119, .T. ) ;
#1625 = LINE ( 'NONE', #163, #2763 ) ;
#1626 = VERTEX_POINT ( 'NONE', #3381 ) ;
#1627 = CARTESIAN_POINT ( 'NONE',  ( -0.1499999999999999667, 0.5000000000000000000, -2.168404344971008868E-16 ) ) ;
#1628 = AXIS2_PLACEMENT_3D ( 'NONE', #2301, #1743, #2512 ) ;
#1629 = CARTESIAN_POINT ( 'NONE',  ( 1.177591804735174996, 1.000000000000000000, -0.8000000000000000444 ) ) ;
#1630 = CYLINDRICAL_SURFACE ( 'NONE', #3319, 0.04864140247690292018 ) ;
#1631 = LINE ( 'NONE', #1182, #496 ) ;
#1632 = ORIENTED_EDGE ( 'NONE', *, *, #2811, .T. ) ;
#1633 = DIRECTION ( 'NONE',  ( 0.000000000000000000, 1.000000000000000000, 0.000000000000000000 ) ) ;
#1634 = CARTESIAN_POINT ( 'NONE',  ( -1.350000000000000089, 0.1199999999999998845, 0.8000000000000002665 ) ) ;
#1635 = LINE ( 'NONE', #1693, #1665 ) ;
#1636 = FACE_OUTER_BOUND ( 'NONE', #2832, .T. ) ;
#1637 = CARTESIAN_POINT ( 'NONE',  ( 1.356193459404522406, 1.134099408229743311, 0.7189659201550232526 ) ) ;
#1638 = ORIENTED_EDGE ( 'NONE', *, *, #1728, .T. ) ;
#1639 = CARTESIAN_POINT ( 'NONE',  ( -0.1499999999999999667, 1.000000000000000000, -2.168404344971008868E-16 ) ) ;
#1640 = CARTESIAN_POINT ( 'NONE',  ( 0.8249999999999998446, 1.041666666666666741, -0.5381171346750228679 ) ) ;
#1641 = UNCERTAINTY_MEASURE_WITH_UNIT (LENGTH_MEASURE( 1.000000000000000082E-05 ), #372, 'distance_accuracy_value', 'NONE');
#1642 = VECTOR ( 'NONE', #4, 1000.000000000000000 ) ;
#1643 = VECTOR ( 'NONE', #2754, 1000.000000000000000 ) ;
#1644 = EDGE_LOOP ( 'NONE', ( #1188, #1210, #1966, #2196 ) ) ;
#1645 = DIRECTION ( 'NONE',  ( -0.000000000000000000, -1.000000000000000000, -0.000000000000000000 ) ) ;
#1646 = CARTESIAN_POINT ( 'NONE',  ( 1.680000000000000160, 0.1000000000000000056, 0.3986414024769032727 ) ) ;
#1647 = DIRECTION ( 'NONE',  ( -1.000000000000000000, 0.000000000000000000, 1.355252715606880543E-16 ) ) ;
#1648 = VECTOR ( 'NONE', #3337, 1000.000000000000000 ) ;
#1649 = ORIENTED_EDGE ( 'NONE', *, *, #2797, .F. ) ;
#1650 = CARTESIAN_POINT ( 'NONE',  ( -1.680000000000000382, 0.1199999999999999956, -1.000000000000005773 ) ) ;
#1651 = DIRECTION ( 'NONE',  ( 0.000000000000000000, 0.000000000000000000, 1.000000000000000000 ) ) ;
#1652 = SURFACE_STYLE_FILL_AREA ( #2570 ) ;
#1653 = VECTOR ( 'NONE', #1662, 1000.000000000000000 ) ;
#1654 = ORIENTED_EDGE ( 'NONE', *, *, #636, .F. ) ;
#1655 = PRODUCT ( 'JR400', 'JR400', '', ( #3277 ) ) ;
#1656 = FACE_OUTER_BOUND ( 'NONE', #1152, .T. ) ;
#1657 = EDGE_CURVE ( 'NONE', #280, #208, #1256, .T. ) ;
#1658 = AXIS2_PLACEMENT_3D ( 'NONE', #2230, #2494, #1011 ) ;
#1659 = EDGE_LOOP ( 'NONE', ( #3284, #1446, #278, #1045, #3165 ) ) ;
#1660 = DIRECTION ( 'NONE',  ( -0.5735764363510476027, -0.000000000000000000, 0.8191520442889907994 ) ) ;
#1661 = CARTESIAN_POINT ( 'NONE',  ( 1.670000000000000151, 0.1000000000000000056, 0.8000000000000004885 ) ) ;
#1662 = DIRECTION ( 'NONE',  ( 0.000000000000000000, 0.000000000000000000, -1.000000000000000000 ) ) ;
#1663 = CARTESIAN_POINT ( 'NONE',  ( -0.1499999999999999667, 0.8249999999999999556, -0.7250000000000001998 ) ) ;
#1664 = EDGE_CURVE ( 'NONE', #3317, #2967, #1272, .T. ) ;
#1665 = VECTOR ( 'NONE', #2958, 1000.000000000000114 ) ;
#1666 = CIRCLE ( 'NONE', #445, 0.04864140247690292018 ) ;
#1667 = EDGE_CURVE ( 'NONE', #3351, #993, #262, .T. ) ;
#1668 = VERTEX_POINT ( 'NONE', #51 ) ;
#1669 = MECHANICAL_DESIGN_GEOMETRIC_PRESENTATION_REPRESENTATION (  '', ( #3102 ), #3230 ) ;
#1670 = CARTESIAN_POINT ( 'NONE',  ( 0.07500000000000009437, 1.100000000000000089, 0.5291502622129178324 ) ) ;
#1671 = EDGE_CURVE ( 'NONE', #2409, #1099, #160, .T. ) ;
#1672 = DIRECTION ( 'NONE',  ( 0.7071067811865514585, 0.000000000000000000, 0.7071067811865435759 ) ) ;
#1673 = FILL_AREA_STYLE_COLOUR ( '', #956 ) ;
#1674 = VECTOR ( 'NONE', #467, 1000.000000000000000 ) ;
#1675 = LINE ( 'NONE', #1470, #1648 ) ;
#1676 = ORIENTED_EDGE ( 'NONE', *, *, #3114, .T. ) ;
#1677 = CARTESIAN_POINT ( 'NONE',  ( -1.680000000000000382, 0.1199999999999998845, 0.8000000000000002665 ) ) ;
#1678 = CARTESIAN_POINT ( 'NONE',  ( -0.3287070848238352605, 1.149999999999999911, 1.086729439400613950 ) ) ;
#1679 = VECTOR ( 'NONE', #2635, 1000.000000000000000 ) ;
#1680 = ORIENTED_EDGE ( 'NONE', *, *, #584, .T. ) ;
#1681 = ADVANCED_FACE ( 'NONE', ( #1327 ), #242, .T. ) ;
#1682 = CIRCLE ( 'NONE', #3302, 0.7249999999999999778 ) ;
#1683 = VECTOR ( 'NONE', #2761, 1000.000000000000000 ) ;
#1684 = CARTESIAN_POINT ( 'NONE',  ( 1.402359584374013091, 1.044243927037139530, 0.7933264627357149434 ) ) ;
#1685 = DIRECTION ( 'NONE',  ( 0.000000000000000000, -1.000000000000000000, 0.000000000000000000 ) ) ;
#1686 = DIRECTION ( 'NONE',  ( 0.000000000000000000, -0.000000000000000000, 1.000000000000000000 ) ) ;
#1687 = LINE ( 'NONE', #2814, #2849 ) ;
#1688 = CIRCLE ( 'NONE', #2149, 1.399999999999999467 ) ;
#1689 = ADVANCED_FACE ( 'NONE', ( #2399 ), #1522, .F. ) ;
#1690 = VERTEX_POINT ( 'NONE', #2571 ) ;
#1691 = CARTESIAN_POINT ( 'NONE',  ( -0.5250000000000004663, 1.000000000000000000, 2.159934015498465865E-16 ) ) ;
#1692 = AXIS2_PLACEMENT_3D ( 'NONE', #1343, #1577, #3051 ) ;
#1693 = CARTESIAN_POINT ( 'NONE',  ( -0.5250000000000004663, 1.100000000000000089, 2.159934015498465865E-16 ) ) ;
#1694 = APPLICATION_CONTEXT ( 'automotive_design' ) ;
#1695 = DIRECTION ( 'NONE',  ( -1.355252715606880543E-16, -0.000000000000000000, -1.000000000000000000 ) ) ;
#1696 = LINE ( 'NONE', #371, #2777 ) ;
#1697 = CIRCLE ( 'NONE', #1407, 0.1500000000000000777 ) ;
#1698 = ORIENTED_EDGE ( 'NONE', *, *, #1671, .F. ) ;
#1699 = EDGE_LOOP ( 'NONE', ( #2006, #1920, #2293, #2311 ) ) ;
#1700 = DIRECTION ( 'NONE',  ( 0.000000000000000000, 0.000000000000000000, 1.000000000000000000 ) ) ;
#1701 = CARTESIAN_POINT ( 'NONE',  ( 1.150000000000000133, 0.5000000000000000000, -1.550000000000000044 ) ) ;
#1702 = CARTESIAN_POINT ( 'NONE',  ( 0.6999999999999999556, 0.9333333333333333481, 0.3753022067477078116 ) ) ;
#1703 = FACE_OUTER_BOUND ( 'NONE', #2039, .T. ) ;
#1704 = EDGE_CURVE ( 'NONE', #723, #1060, #176, .T. ) ;
#1705 = EDGE_LOOP ( 'NONE', ( #535, #300, #711, #545 ) ) ;
#1706 = CARTESIAN_POINT ( 'NONE',  ( -0.1769058567337511989, 1.041666666666666741, 0.9749999999999997558 ) ) ;
#1707 = VERTEX_POINT ( 'NONE', #1872 ) ;
#1708 = PRODUCT_DEFINITION_FORMATION_WITH_SPECIFIED_SOURCE ( 'ANY', '', #1655, .NOT_KNOWN. ) ;
#1709 = DIRECTION ( 'NONE',  ( 1.000000000000000000, -0.000000000000000000, 0.000000000000000000 ) ) ;
#1710 = FACE_OUTER_BOUND ( 'NONE', #200, .T. ) ;
#1711 = VECTOR ( 'NONE', #2861, 1000.000000000000000 ) ;
#1712 = DIRECTION ( 'NONE',  ( -0.000000000000000000, -1.000000000000000000, -0.000000000000000000 ) ) ;
#1713 = ORIENTED_EDGE ( 'NONE', *, *, #3306, .T. ) ;
#1714 = DIRECTION ( 'NONE',  ( 0.000000000000000000, 1.000000000000000000, 0.000000000000000000 ) ) ;
#1715 = DIRECTION ( 'NONE',  ( 0.000000000000000000, -0.000000000000000000, 1.000000000000000000 ) ) ;
#1716 = ADVANCED_FACE ( 'NONE', ( #1320 ), #844, .T. ) ;
#1717 = VECTOR ( 'NONE', #1724, 1000.000000000000000 ) ;
#1718 = CIRCLE ( 'NONE', #1932, 0.7249999999999999778 ) ;
#1719 = PLANE ( 'NONE',  #735 ) ;
#1720 = ORIENTED_EDGE ( 'NONE', *, *, #313, .F. ) ;
#1721 = DIRECTION ( 'NONE',  ( 0.000000000000000000, 0.000000000000000000, 1.000000000000000000 ) ) ;
#1722 = ORIENTED_EDGE ( 'NONE', *, *, #1184, .T. ) ;
#1723 = CARTESIAN_POINT ( 'NONE',  ( 5.421010862427539919E-16, 0.1000000000000000056, 0.8000000000000015987 ) ) ;
#1724 = DIRECTION ( 'NONE',  ( 0.000000000000000000, 0.000000000000000000, 1.000000000000000000 ) ) ;
#1725 = DIRECTION ( 'NONE',  ( 0.000000000000000000, 1.000000000000000000, -0.000000000000000000 ) ) ;
#1726 = DIRECTION ( 'NONE',  ( 0.5735764363510476027, -0.000000000000000000, 0.8191520442889906883 ) ) ;
#1727 = FACE_OUTER_BOUND ( 'NONE', #553, .T. ) ;
#1728 = EDGE_CURVE ( 'NONE', #1690, #996, #2404, .T. ) ;
#1729 = VERTEX_POINT ( 'NONE', #574 ) ;
#1730 = DIRECTION ( 'NONE',  ( 0.000000000000000000, -0.000000000000000000, -1.000000000000000000 ) ) ;
#1731 = ORIENTED_EDGE ( 'NONE', *, *, #3370, .T. ) ;
#1732 = CARTESIAN_POINT ( 'NONE',  ( -0.1499999999999999667, 0.9500000000000002887, -2.168404344971008868E-16 ) ) ;
#1733 = DIRECTION ( 'NONE',  ( 0.000000000000000000, -1.000000000000000000, 0.000000000000000000 ) ) ;
#1734 = DIRECTION ( 'NONE',  ( 0.000000000000000000, 0.000000000000000000, 1.000000000000000000 ) ) ;
#1735 = CARTESIAN_POINT ( 'NONE',  ( 0.4410068757355519176, 0.9333333333333333481, 0.7140470499460439546 ) ) ;
#1736 = FACE_OUTER_BOUND ( 'NONE', #3194, .T. ) ;
#1737 = VECTOR ( 'NONE', #2359, 1000.000000000000000 ) ;
#1738 = ORIENTED_EDGE ( 'NONE', *, *, #840, .F. ) ;
#1739 = ORIENTED_EDGE ( 'NONE', *, *, #526, .F. ) ;
#1740 = AXIS2_PLACEMENT_3D ( 'NONE', #492, #832, #2898 ) ;
#1741 = VECTOR ( 'NONE', #1379, 1000.000000000000000 ) ;
#1742 = CIRCLE ( 'NONE', #1760, 0.2500000000000000000 ) ;
#1743 = DIRECTION ( 'NONE',  ( 0.000000000000000000, 1.000000000000000000, -0.000000000000000000 ) ) ;
#1744 = CARTESIAN_POINT ( 'NONE',  ( 0.000000000000000000, 0.1199999999999999956, 0.000000000000000000 ) ) ;
#1745 = VERTEX_POINT ( 'NONE', #3189 ) ;
#1746 = CARTESIAN_POINT ( 'NONE',  ( 1.599999999999999867, 0.5500000000000000444, -4.956352788505159323E-16 ) ) ;
#1747 = FILL_AREA_STYLE_COLOUR ( '', #3135 ) ;
#1748 = ADVANCED_FACE ( 'NONE', ( #203 ), #2885, .T. ) ;
#1749 = CARTESIAN_POINT ( 'NONE',  ( -1.350000000000000089, 0.000000000000000000, -0.7999999999999998224 ) ) ;
#1750 = CIRCLE ( 'NONE', #2421, 0.2500000000000000000 ) ;
#1751 = LINE ( 'NONE', #1448, #625 ) ;
#1752 = ORIENTED_EDGE ( 'NONE', *, *, #2806, .F. ) ;
#1753 = DIRECTION ( 'NONE',  ( 0.000000000000000000, 0.000000000000000000, 1.000000000000000000 ) ) ;
#1754 = DIRECTION ( 'NONE',  ( -1.000000000000000000, 0.000000000000000000, -0.000000000000000000 ) ) ;
#1755 = EDGE_CURVE ( 'NONE', #2409, #1387, #1337, .T. ) ;
#1756 = DIRECTION ( 'NONE',  ( 0.000000000000000000, 1.000000000000000000, -0.000000000000000000 ) ) ;
#1757 = LINE ( 'NONE', #1399, #635 ) ;
#1758 = VERTEX_POINT ( 'NONE', #306 ) ;
#1759 = DIRECTION ( 'NONE',  ( 0.000000000000000000, 0.000000000000000000, 1.000000000000000000 ) ) ;
#1760 = AXIS2_PLACEMENT_3D ( 'NONE', #2025, #726, #3391 ) ;
#1761 = CARTESIAN_POINT ( 'NONE',  ( -2.710505431213755662E-16, 0.1000000000000000056, 0.3499999999999991451 ) ) ;
#1762 = CARTESIAN_POINT ( 'NONE',  ( 0.8249999999999998446, 1.041666666666666741, -0.5381171346750228679 ) ) ;
#1763 = LINE ( 'NONE', #102, #1859 ) ;
#1764 = ADVANCED_FACE ( 'NONE', ( #2461 ), #1106, .T. ) ;
#1765 = ORIENTED_EDGE ( 'NONE', *, *, #3096, .T. ) ;
#1766 = STYLED_ITEM ( 'NONE', ( #2116 ), #1032 ) ;
#1767 = AXIS2_PLACEMENT_3D ( 'NONE', #140, #1148, #1393 ) ;
#1768 = EDGE_CURVE ( 'NONE', #3162, #2897, #2862, .T. ) ;
#1769 = VECTOR ( 'NONE', #1614, 1000.000000000000114 ) ;
#1770 = LINE ( 'NONE', #1853, #2962 ) ;
#1771 = ORIENTED_EDGE ( 'NONE', *, *, #30, .F. ) ;
#1772 = CARTESIAN_POINT ( 'NONE',  ( -1.680000000000000382, 0.5000000000000000000, -0.3499999999999999778 ) ) ;
#1773 = CARTESIAN_POINT ( 'NONE',  ( -0.3749999999999998890, 0.9661386122740921456, -0.6892024376045112755 ) ) ;
#1774 = AXIS2_PLACEMENT_3D ( 'NONE', #3067, #1828, #1802 ) ;
#1775 = VECTOR ( 'NONE', #854, 1000.000000000000000 ) ;
#1776 = LINE ( 'NONE', #2936, #2896 ) ;
#1777 = ORIENTED_EDGE ( 'NONE', *, *, #932, .F. ) ;
#1778 = CARTESIAN_POINT ( 'NONE',  ( 1.121115278875487453, 1.140640492158507824, 0.7021560347938063940 ) ) ;
#1779 = LINE ( 'NONE', #842, #2903 ) ;
#1780 = VECTOR ( 'NONE', #2765, 1000.000000000000000 ) ;
#1781 = ORIENTED_EDGE ( 'NONE', *, *, #2033, .T. ) ;
#1782 = CARTESIAN_POINT ( 'NONE',  ( -1.680000000000000382, 0.5000000000000000000, -0.4834450997597750654 ) ) ;
#1783 = DIRECTION ( 'NONE',  ( 7.744301232039322598E-16, 0.000000000000000000, -1.000000000000000000 ) ) ;
#1784 = VECTOR ( 'NONE', #2341, 1000.000000000000000 ) ;
#1785 = ORIENTED_EDGE ( 'NONE', *, *, #1949, .F. ) ;
#1786 = CARTESIAN_POINT ( 'NONE',  ( -0.2404949115281573291, 1.149999999999999911, 1.097535532554577031 ) ) ;
#1787 = EDGE_LOOP ( 'NONE', ( #1738, #401, #502, #2918 ) ) ;
#1788 = CYLINDRICAL_SURFACE ( 'NONE', #2491, 0.2000000000000000944 ) ;
#1789 = EDGE_CURVE ( 'NONE', #597, #1914, #1395, .T. ) ;
#1790 = LINE ( 'NONE', #3163, #2916 ) ;
#1791 = DIRECTION ( 'NONE',  ( 0.000000000000000000, 0.000000000000000000, -1.000000000000000000 ) ) ;
#1792 = ORIENTED_EDGE ( 'NONE', *, *, #2053, .T. ) ;
#1793 = CARTESIAN_POINT ( 'NONE',  ( -0.5250000000000004663, 1.000000000000000000, 2.159934015498465865E-16 ) ) ;
#1794 = CARTESIAN_POINT ( 'NONE',  ( 0.000000000000000000, 0.1000000000000000056, 0.000000000000000000 ) ) ;
#1795 = AXIS2_PLACEMENT_3D ( 'NONE', #378, #3023, #1899 ) ;
#1796 = CIRCLE ( 'NONE', #3117, 0.2000000000000000944 ) ;
#1797 = LINE ( 'NONE', #2079, #2865 ) ;
#1798 = EDGE_CURVE ( 'NONE', #1291, #1151, #2444, .T. ) ;
#1799 = ORIENTED_EDGE ( 'NONE', *, *, #2631, .T. ) ;
#1800 = DIRECTION ( 'NONE',  ( 0.000000000000000000, 1.000000000000000000, -0.000000000000000000 ) ) ;
#1801 = CARTESIAN_POINT ( 'NONE',  ( 1.157888084360762848, 1.097056030034011531, 0.7653649953818482121 ) ) ;
#1802 = DIRECTION ( 'NONE',  ( 0.000000000000000000, 0.000000000000000000, 1.000000000000000000 ) ) ;
#1803 = EDGE_CURVE ( 'NONE', #1914, #2285, #139, .T. ) ;
#1804 = FACE_OUTER_BOUND ( 'NONE', #1699, .T. ) ;
#1805 = CIRCLE ( 'NONE', #3048, 0.7249999999999999778 ) ;
#1806 = EDGE_CURVE ( 'NONE', #1053, #280, #220, .T. ) ;
#1807 = AXIS2_PLACEMENT_3D ( 'NONE', #1039, #2197, #2102 ) ;
#1808 = ORIENTED_EDGE ( 'NONE', *, *, #2860, .T. ) ;
#1809 = EDGE_CURVE ( 'NONE', #942, #849, #1288, .T. ) ;
#1810 = SURFACE_STYLE_USAGE ( .BOTH. , #1542 ) ;
#1811 = LINE ( 'NONE', #326, #1741 ) ;
#1812 = FACE_OUTER_BOUND ( 'NONE', #981, .T. ) ;
#1813 = EDGE_CURVE ( 'NONE', #1248, #1333, #209, .T. ) ;
#1814 = VERTEX_POINT ( 'NONE', #2820 ) ;
#1815 = CARTESIAN_POINT ( 'NONE',  ( -0.9999999999999997780, 0.9333333333333333481, -0.4691277584346354446 ) ) ;
#1816 = ORIENTED_EDGE ( 'NONE', *, *, #1768, .F. ) ;
#1817 = DIRECTION ( 'NONE',  ( 1.000000000000000000, 0.000000000000000000, 0.000000000000000000 ) ) ;
#1818 = LINE ( 'NONE', #1661, #2887 ) ;
#1819 = LINE ( 'NONE', #2793, #2946 ) ;
#1820 = CARTESIAN_POINT ( 'NONE',  ( 0.07500000000000009437, 3.200609665440988127, 0.6892024376045107203 ) ) ;
#1821 = ORIENTED_EDGE ( 'NONE', *, *, #1530, .F. ) ;
#1822 = CARTESIAN_POINT ( 'NONE',  ( -0.1499999999999999667, 0.5500000000000001554, -2.168404344971008868E-16 ) ) ;
#1823 = DIRECTION ( 'NONE',  ( -0.000000000000000000, -0.000000000000000000, 1.000000000000000000 ) ) ;
#1824 = ORIENTED_EDGE ( 'NONE', *, *, #1931, .F. ) ;
#1825 = LINE ( 'NONE', #1677, #2954 ) ;
#1826 = CARTESIAN_POINT ( 'NONE',  ( -2.710505431213752210E-16, 0.1000000000000000056, -0.3499999999999987010 ) ) ;
#1827 = CARTESIAN_POINT ( 'NONE',  ( 1.138041984224042347, 1.127294175205547866, 0.7309987118220750979 ) ) ;
#1828 = DIRECTION ( 'NONE',  ( 0.000000000000000000, 1.000000000000000000, -0.000000000000000000 ) ) ;
#1829 = VERTEX_POINT ( 'NONE', #1663 ) ;
#1830 = LINE ( 'NONE', #688, #2961 ) ;
#1831 = VECTOR ( 'NONE', #2966, 1000.000000000000000 ) ;
#1832 = ORIENTED_EDGE ( 'NONE', *, *, #1483, .T. ) ;
#1833 = CARTESIAN_POINT ( 'NONE',  ( 0.07500000000000009437, 1.100000000000000089, -0.5291502622129182765 ) ) ;
#1834 = EDGE_CURVE ( 'NONE', #1852, #3037, #1344, .T. ) ;
#1835 = DIRECTION ( 'NONE',  ( 0.000000000000000000, 1.000000000000000000, 0.000000000000000000 ) ) ;
#1836 = LINE ( 'NONE', #1400, #2988 ) ;
#1837 = VECTOR ( 'NONE', #1917, 1000.000000000000000 ) ;
#1838 = CARTESIAN_POINT ( 'NONE',  ( -1.130000000000000338, 0.5000000000000000000, 1.550000000000000488 ) ) ;
#1839 = CARTESIAN_POINT ( 'NONE',  ( 0.6999999999999999556, 0.9333333333333333481, -0.4691277584346352780 ) ) ;
#1840 = ORIENTED_EDGE ( 'NONE', *, *, #1376, .T. ) ;
#1841 = LINE ( 'NONE', #2092, #702 ) ;
#1842 = DIRECTION ( 'NONE',  ( -0.000000000000000000, -1.000000000000000000, -0.000000000000000000 ) ) ;
#1843 = CIRCLE ( 'NONE', #397, 1.549999999999999600 ) ;
#1844 = LINE ( 'NONE', #742, #1784 ) ;
#1845 = ORIENTED_EDGE ( 'NONE', *, *, #2382, .T. ) ;
#1846 = DIRECTION ( 'NONE',  ( 0.000000000000000000, -1.000000000000000000, 0.000000000000000000 ) ) ;
#1847 = ORIENTED_EDGE ( 'NONE', *, *, #3274, .T. ) ;
#1848 = AXIS2_PLACEMENT_3D ( 'NONE', #1612, #1904, #798 ) ;
#1849 = VERTEX_POINT ( 'NONE', #941 ) ;
#1850 = VECTOR ( 'NONE', #2776, 1000.000000000000114 ) ;
#1851 = CIRCLE ( 'NONE', #1251, 1.549999999999999600 ) ;
#1852 = VERTEX_POINT ( 'NONE', #1980 ) ;
#1853 = CARTESIAN_POINT ( 'NONE',  ( -1.350000000000000311, 0.1199999999999999956, -0.7999999999999998224 ) ) ;
#1854 = CARTESIAN_POINT ( 'NONE',  ( 1.176244587696706034, 1.030572512252656781, 0.7976121833717966236 ) ) ;
#1855 = VECTOR ( 'NONE', #2332, 1000.000000000000000 ) ;
#1856 = EDGE_LOOP ( 'NONE', ( #3383, #1168, #21, #994, #31 ) ) ;
#1857 = CIRCLE ( 'NONE', #329, 0.04864140247690292018 ) ;
#1858 = LINE ( 'NONE', #880, #3089 ) ;
#1859 = VECTOR ( 'NONE', #815, 1000.000000000000000 ) ;
#1860 = PLANE ( 'NONE',  #11 ) ;
#1861 = CARTESIAN_POINT ( 'NONE',  ( -0.8749999999999998890, 0.8249999999999999556, 0.3201107057553976287 ) ) ;
#1862 = ORIENTED_EDGE ( 'NONE', *, *, #474, .T. ) ;
#1863 = LINE ( 'NONE', #1629, #3000 ) ;
#1864 = CYLINDRICAL_SURFACE ( 'NONE', #1581, 0.04864140247690286467 ) ;
#1865 = ORIENTED_EDGE ( 'NONE', *, *, #1403, .F. ) ;
#1866 = CARTESIAN_POINT ( 'NONE',  ( 1.640155295723961792, 0.1000000000000000056, 0.4265409647687226080 ) ) ;
#1867 = ADVANCED_FACE ( 'NONE', ( #2515 ), #665, .F. ) ;
#1868 = ORIENTED_EDGE ( 'NONE', *, *, #1445, .T. ) ;
#1869 = LINE ( 'NONE', #2357, #795 ) ;
#1870 = VERTEX_POINT ( 'NONE', #615 ) ;
#1871 = DIRECTION ( 'NONE',  ( 0.000000000000000000, 0.000000000000000000, -1.000000000000000000 ) ) ;
#1872 = CARTESIAN_POINT ( 'NONE',  ( -1.350000000000000089, 0.1199999999999999956, 0.8000000000000002665 ) ) ;
#1873 = LINE ( 'NONE', #1077, #3077 ) ;
#1874 = EDGE_CURVE ( 'NONE', #1878, #2203, #1250, .T. ) ;
#1875 = VECTOR ( 'NONE', #2093, 1000.000000000000000 ) ;
#1876 = VERTEX_POINT ( 'NONE', #2496 ) ;
#1877 = CARTESIAN_POINT ( 'NONE',  ( -1.680000000000000382, 0.5000000000000000000, -0.9378679656440411794 ) ) ;
#1878 = VERTEX_POINT ( 'NONE', #2381 ) ;
#1879 = LINE ( 'NONE', #289, #748 ) ;
#1880 = DIRECTION ( 'NONE',  ( 0.5735764363510476027, 0.000000000000000000, 0.8191520442889907994 ) ) ;
#1881 = EDGE_CURVE ( 'NONE', #63, #1852, #1341, .T. ) ;
#1882 = ORIENTED_EDGE ( 'NONE', *, *, #1195, .F. ) ;
#1883 = CARTESIAN_POINT ( 'NONE',  ( 0.5279196515790154365, 1.041666666666666741, 0.8190539690557563368 ) ) ;
#1884 = CARTESIAN_POINT ( 'NONE',  ( -0.1499999999999999667, 0.9000000000000002442, -2.168404344971008868E-16 ) ) ;
#1885 = DIRECTION ( 'NONE',  ( 0.000000000000000000, 0.000000000000000000, -1.000000000000000000 ) ) ;
#1886 = VECTOR ( 'NONE', #1012, 1000.000000000000000 ) ;
#1887 = FACE_OUTER_BOUND ( 'NONE', #2408, .T. ) ;
#1888 = DIRECTION ( 'NONE',  ( 0.000000000000000000, 0.000000000000000000, -1.000000000000000000 ) ) ;
#1889 = VERTEX_POINT ( 'NONE', #839 ) ;
#1890 = EDGE_CURVE ( 'NONE', #518, #802, #2377, .T. ) ;
#1891 = AXIS2_PLACEMENT_3D ( 'NONE', #3273, #138, #669 ) ;
#1892 = CARTESIAN_POINT ( 'NONE',  ( -1.900000000000000355, 0.5499999999999999334, 0.3500000000000016431 ) ) ;
#1893 = DIRECTION ( 'NONE',  ( 0.000000000000000000, 1.000000000000000000, 0.000000000000000000 ) ) ;
#1894 = AXIS2_PLACEMENT_3D ( 'NONE', #1940, #2689, #2288 ) ;
#1895 = PRESENTATION_STYLE_ASSIGNMENT (( #1810 ) ) ;
#1896 = EDGE_CURVE ( 'NONE', #2013, #2825, #2370, .T. ) ;
#1897 = ORIENTED_EDGE ( 'NONE', *, *, #1319, .T. ) ;
#1898 = ADVANCED_FACE ( 'NONE', ( #135 ), #554, .T. ) ;
#1899 = DIRECTION ( 'NONE',  ( 0.000000000000000000, 0.000000000000000000, 1.000000000000000000 ) ) ;
#1900 = DIRECTION ( 'NONE',  ( -0.000000000000000000, 0.000000000000000000, 1.000000000000000000 ) ) ;
#1901 = DIRECTION ( 'NONE',  ( 2.710505431213760099E-16, 0.000000000000000000, 1.000000000000000000 ) ) ;
#1902 = CIRCLE ( 'NONE', #1164, 1.549999999999999600 ) ;
#1903 = VERTEX_POINT ( 'NONE', #851 ) ;
#1904 = DIRECTION ( 'NONE',  ( 0.000000000000000000, 1.000000000000000000, 0.000000000000000000 ) ) ;
#1905 = LINE ( 'NONE', #784, #3061 ) ;
#1906 = VECTOR ( 'NONE', #3146, 1000.000000000000000 ) ;
#1907 = CARTESIAN_POINT ( 'NONE',  ( -1.680000000000000382, 0.000000000000000000, -1.000000000000005773 ) ) ;
#1908 = CARTESIAN_POINT ( 'NONE',  ( 0.07500000000000009437, 0.9824996911551623358, 0.6863783117946060663 ) ) ;
#1909 = EDGE_LOOP ( 'NONE', ( #2839, #2652, #1840, #1882 ) ) ;
#1910 = CARTESIAN_POINT ( 'NONE',  ( -0.5250000000000004663, 0.6645898033750313738, 2.159934015498465865E-16 ) ) ;
#1911 = EDGE_LOOP ( 'NONE', ( #233, #15, #288, #2372, #2085, #1010, #1397, #2561, #3219, #3197, #38, #275 ) ) ;
#1912 = PLANE ( 'NONE',  #2392 ) ;
#1913 = DIRECTION ( 'NONE',  ( 0.000000000000000000, 0.000000000000000000, 1.000000000000000000 ) ) ;
#1914 = VERTEX_POINT ( 'NONE', #3260 ) ;
#1915 = CYLINDRICAL_SURFACE ( 'NONE', #2520, 1.750000000000000222 ) ;
#1916 = ORIENTED_EDGE ( 'NONE', *, *, #508, .F. ) ;
#1917 = DIRECTION ( 'NONE',  ( 0.000000000000000000, 0.000000000000000000, 1.000000000000000000 ) ) ;
#1918 = DIRECTION ( 'NONE',  ( 0.000000000000000000, 0.000000000000000000, 1.000000000000000000 ) ) ;
#1919 = CARTESIAN_POINT ( 'NONE',  ( -0.1499999999999999667, 1.149999999999999911, -2.168404344971008868E-16 ) ) ;
#1920 = ORIENTED_EDGE ( 'NONE', *, *, #2997, .T. ) ;
#1921 = CYLINDRICAL_SURFACE ( 'NONE', #227, 1.549999999999999600 ) ;
#1922 = ORIENTED_EDGE ( 'NONE', *, *, #295, .T. ) ;
#1923 = DIRECTION ( 'NONE',  ( 0.000000000000000000, 1.000000000000000000, -0.000000000000000000 ) ) ;
#1924 = EDGE_CURVE ( 'NONE', #1113, #265, #2385, .T. ) ;
#1925 = FACE_OUTER_BOUND ( 'NONE', #2485, .T. ) ;
#1926 = VECTOR ( 'NONE', #2187, 1000.000000000000000 ) ;
#1927 = DIRECTION ( 'NONE',  ( 0.000000000000000000, 0.000000000000000000, -1.000000000000000000 ) ) ;
#1928 = DIRECTION ( 'NONE',  ( 0.000000000000000000, 0.000000000000000000, -1.000000000000000000 ) ) ;
#1929 = EDGE_LOOP ( 'NONE', ( #2534, #1149, #2401, #2167, #2128 ) ) ;
#1930 = CARTESIAN_POINT ( 'NONE',  ( -0.09035562649280541592, 0.8249999999999999556, 0.7233756919109709527 ) ) ;
#1931 = EDGE_CURVE ( 'NONE', #1878, #700, #589, .T. ) ;
#1932 = AXIS2_PLACEMENT_3D ( 'NONE', #952, #437, #926 ) ;
#1933 = ADVANCED_FACE ( 'NONE', ( #2434 ), #2773, .T. ) ;
#1934 = EDGE_LOOP ( 'NONE', ( #1821, #1680, #2608, #2851 ) ) ;
#1935 = CARTESIAN_POINT ( 'NONE',  ( -0.1499999999999999667, -1.654819834129047207, -2.168404344971008868E-16 ) ) ;
#1936 = VECTOR ( 'NONE', #1913, 1000.000000000000000 ) ;
#1937 = CIRCLE ( 'NONE', #1848, 0.7249999999999999778 ) ;
#1938 = CARTESIAN_POINT ( 'NONE',  ( -1.680000000000000382, 0.5000000000000000000, 0.3986414024769032727 ) ) ;
#1939 = CLOSED_SHELL ( 'NONE', ( #2992, #2863, #1125, #1533, #2664, #201, #1332, #1867, #89, #431, #407, #901, #387, #64, #822, #1488, #1504, #1933, #1013, #3271, #3308, #1425, #1681, #2024, #3389, #2017, #2275, #730, #3005, #2472, #979, #2051, #2151, #1716, #146, #3375, #2737, #195, #2424, #2458, #2747, #1157, #2720, #791, #2795, #2061, #1689, #3038, #2502, #2960, #1207 ) ) ;
#1940 = CARTESIAN_POINT ( 'NONE',  ( 0.000000000000000000, 1.100000000000000089, 0.000000000000000000 ) ) ;
#1941 = EDGE_CURVE ( 'NONE', #964, #49, #1294, .T. ) ;
#1942 = ORIENTED_EDGE ( 'NONE', *, *, #1360, .T. ) ;
#1943 = ORIENTED_EDGE ( 'NONE', *, *, #425, .T. ) ;
#1944 = CARTESIAN_POINT ( 'NONE',  ( -0.1734563879217317917, 0.9333333333333333481, 0.8499999999999996447 ) ) ;
#1945 = ORIENTED_EDGE ( 'NONE', *, *, #649, .T. ) ;
#1946 = TOROIDAL_SURFACE ( 'NONE', #2607, 1.600000000000000311, 0.1499999999999999944 ) ;
#1947 = PLANE ( 'NONE',  #471 ) ;
#1948 = CARTESIAN_POINT ( 'NONE',  ( 1.324871073572124747, 1.149731748466122916, 0.6697965469862294796 ) ) ;
#1949 = EDGE_CURVE ( 'NONE', #942, #1132, #1278, .T. ) ;
#1950 = VERTEX_POINT ( 'NONE', #684 ) ;
#1951 = VECTOR ( 'NONE', #2931, 1000.000000000000000 ) ;
#1952 = PLANE ( 'NONE',  #1658 ) ;
#1953 = CARTESIAN_POINT ( 'NONE',  ( -1.750000000000000222, 1.769242250247064163, 0.3499999999999999778 ) ) ;
#1954 = ORIENTED_EDGE ( 'NONE', *, *, #1941, .T. ) ;
#1955 = CARTESIAN_POINT ( 'NONE',  ( -1.350000000000000311, 0.1199999999999999956, -0.7999999999999998224 ) ) ;
#1956 = DIRECTION ( 'NONE',  ( 0.000000000000000000, 0.000000000000000000, 1.000000000000000000 ) ) ;
#1957 = CARTESIAN_POINT ( 'NONE',  ( -0.1500000000000000777, 0.8249999999999999556, 0.7249999999999997558 ) ) ;
#1958 = DIRECTION ( 'NONE',  ( 0.000000000000000000, 0.000000000000000000, 1.000000000000000000 ) ) ;
#1959 = CIRCLE ( 'NONE', #2388, 0.2000000000000000944 ) ;
#1960 = CARTESIAN_POINT ( 'NONE',  ( 1.177591804735174996, 0.9999999999999991118, -0.8000000000000000444 ) ) ;
#1961 = VERTEX_POINT ( 'NONE', #377 ) ;
#1962 = DIRECTION ( 'NONE',  ( 0.000000000000000000, -1.000000000000000000, 0.000000000000000000 ) ) ;
#1963 = CARTESIAN_POINT ( 'NONE',  ( 1.313414877710889828, 1.149984605174368513, -0.6521490022633434913 ) ) ;
#1964 = CARTESIAN_POINT ( 'NONE',  ( -0.9001520239938747281, 0.1199999999999999956, 0.6302932327352409603 ) ) ;
#1965 = ADVANCED_FACE ( 'NONE', ( #171 ), #2429, .T. ) ;
#1966 = ORIENTED_EDGE ( 'NONE', *, *, #367, .F. ) ;
#1967 = FACE_OUTER_BOUND ( 'NONE', #3384, .T. ) ;
#1968 = ORIENTED_EDGE ( 'NONE', *, *, #2394, .F. ) ;
#1969 = DIRECTION ( 'NONE',  ( -0.5735764363510476027, 0.000000000000000000, -0.8191520442889907994 ) ) ;
#1970 = DIRECTION ( 'NONE',  ( 0.000000000000000000, 0.000000000000000000, -1.000000000000000000 ) ) ;
#1971 =( GEOMETRIC_REPRESENTATION_CONTEXT ( 3 ) GLOBAL_UNCERTAINTY_ASSIGNED_CONTEXT ( ( #1539 ) ) GLOBAL_UNIT_ASSIGNED_CONTEXT ( ( #745, #1297, #3188 ) ) REPRESENTATION_CONTEXT ( 'NONE', 'WORKASPACE' ) );
#1972 = ORIENTED_EDGE ( 'NONE', *, *, #2840, .T. ) ;
#1973 = VECTOR ( 'NONE', #2890, 1000.000000000000000 ) ;
#1974 = ORIENTED_EDGE ( 'NONE', *, *, #3324, .T. ) ;
#1975 = CARTESIAN_POINT ( 'NONE',  ( 1.350000000000000311, 0.1000000000000000472, 0.8000000000000000444 ) ) ;
#1976 = AXIS2_PLACEMENT_3D ( 'NONE', #1570, #298, #756 ) ;
#1977 = CARTESIAN_POINT ( 'NONE',  ( -0.3749999999999998890, 1.000000000000000000, 0.1500000000000002165 ) ) ;
#1978 = ORIENTED_EDGE ( 'NONE', *, *, #2912, .F. ) ;
#1979 = EDGE_CURVE ( 'NONE', #3131, #991, #181, .T. ) ;
#1980 = CARTESIAN_POINT ( 'NONE',  ( -1.680000000000000382, 0.1199999999999999956, -0.7999999999999998224 ) ) ;
#1981 = EDGE_CURVE ( 'NONE', #10, #373, #1311, .T. ) ;
#1982 = EDGE_CURVE ( 'NONE', #1829, #1316, #2440, .T. ) ;
#1983 = VERTEX_POINT ( 'NONE', #3019 ) ;
#1984 = DIRECTION ( 'NONE',  ( 0.000000000000000000, 1.000000000000000000, 0.000000000000000000 ) ) ;
#1985 = AXIS2_PLACEMENT_3D ( 'NONE', #357, #866, #2694 ) ;
#1986 = CARTESIAN_POINT ( 'NONE',  ( 1.129756909027558098, 1.135209070250135621, -0.7168020456213904934 ) ) ;
#1987 = EDGE_CURVE ( 'NONE', #2203, #1878, #192, .T. ) ;
#1988 = EDGE_LOOP ( 'NONE', ( #767, #309, #2349 ) ) ;
#1989 = CARTESIAN_POINT ( 'NONE',  ( -1.680000000000000382, 0.000000000000000000, 0.8000000000000002665 ) ) ;
#1990 = APPLICATION_PROTOCOL_DEFINITION ( 'draft international standard', 'automotive_design', 1998, #917 ) ;
#1991 = ADVANCED_FACE ( 'NONE', ( #2617 ), #302, .F. ) ;
#1992 = CARTESIAN_POINT ( 'NONE',  ( 1.670000000000000151, 0.1000000000000000056, 0.8000000000000004885 ) ) ;
#1993 = ORIENTED_EDGE ( 'NONE', *, *, #826, .T. ) ;
#1994 = ORIENTED_EDGE ( 'NONE', *, *, #1565, .F. ) ;
#1995 = LINE ( 'NONE', #3378, #3120 ) ;
#1996 = VERTEX_POINT ( 'NONE', #2964 ) ;
#1997 = EDGE_LOOP ( 'NONE', ( #3206, #3311, #1156, #948 ) ) ;
#1998 = PLANE ( 'NONE',  #1491 ) ;
#1999 = CARTESIAN_POINT ( 'NONE',  ( -0.6540940998920885541, 0.8249999999999999556, 0.6090401308363311284 ) ) ;
#2000 = ORIENTED_EDGE ( 'NONE', *, *, #303, .T. ) ;
#2001 = FACE_OUTER_BOUND ( 'NONE', #3344, .T. ) ;
#2002 = FACE_OUTER_BOUND ( 'NONE', #1037, .T. ) ;
#2003 = VERTEX_POINT ( 'NONE', #896 ) ;
#2004 = SURFACE_STYLE_USAGE ( .BOTH. , #3108 ) ;
#2005 = CARTESIAN_POINT ( 'NONE',  ( 1.385802678776115071, 1.095775226971865024, 0.7664019778914032965 ) ) ;
#2006 = ORIENTED_EDGE ( 'NONE', *, *, #3314, .F. ) ;
#2007 = DIRECTION ( 'NONE',  ( 0.000000000000000000, 1.000000000000000000, 0.000000000000000000 ) ) ;
#2008 = DIRECTION ( 'NONE',  ( 0.000000000000000000, 0.000000000000000000, 1.000000000000000000 ) ) ;
#2009 = EDGE_LOOP ( 'NONE', ( #794, #1942, #3073, #2352, #1243, #2358, #2391, #1943, #1945, #830 ) ) ;
#2010 = EDGE_CURVE ( 'NONE', #1668, #2285, #2531, .T. ) ;
#2011 = ORIENTED_EDGE ( 'NONE', *, *, #1007, .T. ) ;
#2012 = CARTESIAN_POINT ( 'NONE',  ( -1.350000000000000089, 0.000000000000000000, -0.7999999999999998224 ) ) ;
#2013 = VERTEX_POINT ( 'NONE', #1749 ) ;
#2014 = DIRECTION ( 'NONE',  ( 3.097720492815725193E-16, -0.000000000000000000, 1.000000000000000000 ) ) ;
#2015 = CARTESIAN_POINT ( 'NONE',  ( -2.710505431213755662E-16, 0.000000000000000000, 0.3499999999999991451 ) ) ;
#2016 = ORIENTED_EDGE ( 'NONE', *, *, #389, .T. ) ;
#2017 = ADVANCED_FACE ( 'NONE', ( #279 ), #1206, .F. ) ;
#2018 = ORIENTED_EDGE ( 'NONE', *, *, #2321, .F. ) ;
#2019 = DIRECTION ( 'NONE',  ( 0.5735764363510476027, 0.000000000000000000, -0.8191520442889907994 ) ) ;
#2020 =( NAMED_UNIT ( * ) PLANE_ANGLE_UNIT ( ) SI_UNIT ( $, .RADIAN. ) );
#2021 = ORIENTED_EDGE ( 'NONE', *, *, #3047, .T. ) ;
#2022 = VECTOR ( 'NONE', #451, 1000.000000000000000 ) ;
#2023 = CARTESIAN_POINT ( 'NONE',  ( -0.1499999999999998834, 3.200609665440988127, 0.7249999999999997558 ) ) ;
#2024 = ADVANCED_FACE ( 'NONE', ( #1486 ), #2474, .T. ) ;
#2025 = CARTESIAN_POINT ( 'NONE',  ( -1.026446609406727495, 0.000000000000000000, -1.300000000000000044 ) ) ;
#2026 = CARTESIAN_POINT ( 'NONE',  ( -0.9999999999999997780, 0.9333333333333333481, -0.4691277584346354446 ) ) ;
#2027 = EDGE_CURVE ( 'NONE', #1745, #2214, #2601, .T. ) ;
#2028 = PRESENTATION_LAYER_ASSIGNMENT (  '', '', ( #1329 ) ) ;
#2029 = CARTESIAN_POINT ( 'NONE',  ( -0.3845655373080826833, 1.041666666666666741, 0.9476095595418009276 ) ) ;
#2030 = LINE ( 'NONE', #695, #2022 ) ;
#2031 = ORIENTED_EDGE ( 'NONE', *, *, #2579, .T. ) ;
#2032 = ORIENTED_EDGE ( 'NONE', *, *, #1981, .F. ) ;
#2033 = EDGE_CURVE ( 'NONE', #1333, #1044, #2596, .T. ) ;
#2034 = CARTESIAN_POINT ( 'NONE',  ( -0.1499999999999999667, 0.1000000000000000472, -2.168404344971008868E-16 ) ) ;
#2035 = CARTESIAN_POINT ( 'NONE',  ( 1.312484402113936133, 1.149999999999999911, 0.6507163470152368401 ) ) ;
#2036 = LINE ( 'NONE', #2015, #946 ) ;
#2037 = CARTESIAN_POINT ( 'NONE',  ( -1.900000000000000355, 0.5499999999999999334, 0.3500000000000016431 ) ) ;
#2038 = ORIENTED_EDGE ( 'NONE', *, *, #915, .F. ) ;
#2039 = EDGE_LOOP ( 'NONE', ( #1051, #2291, #2211, #1091, #938, #1036 ) ) ;
#2040 = EDGE_CURVE ( 'NONE', #1016, #3063, #2588, .T. ) ;
#2041 = CARTESIAN_POINT ( 'NONE',  ( -1.636066017177981946, 0.5000000000000000000, -1.043933982822023765 ) ) ;
#2042 = DIRECTION ( 'NONE',  ( 0.000000000000000000, 1.000000000000000000, 0.000000000000000000 ) ) ;
#2043 = VECTOR ( 'NONE', #3291, 1000.000000000000000 ) ;
#2044 = CARTESIAN_POINT ( 'NONE',  ( 1.669999999999999929, 0.1000000000000000056, -0.8000000000000000444 ) ) ;
#2045 = ORIENTED_EDGE ( 'NONE', *, *, #674, .F. ) ;
#2046 = EDGE_CURVE ( 'NONE', #2070, #1983, #328, .T. ) ;
#2047 = AXIS2_PLACEMENT_3D ( 'NONE', #3386, #2343, #225 ) ;
#2048 = LINE ( 'NONE', #2044, #3184 ) ;
#2049 = VERTEX_POINT ( 'NONE', #2977 ) ;
#2050 = MANIFOLD_SOLID_BREP ( 'Boss-Extrude4', #2166 ) ;
#2051 = ADVANCED_FACE ( 'NONE', ( #2544 ), #2578, .T. ) ;
#2052 = CARTESIAN_POINT ( 'NONE',  ( -0.6881171346750223350, 1.041666666666666741, -0.9750000000000003109 ) ) ;
#2053 = EDGE_CURVE ( 'NONE', #1060, #3149, #1398, .T. ) ;
#2054 = LINE ( 'NONE', #202, #3235 ) ;
#2055 = VERTEX_POINT ( 'NONE', #3263 ) ;
#2056 = CARTESIAN_POINT ( 'NONE',  ( -1.640155295723961792, 0.000000000000000000, -0.4265409647687218309 ) ) ;
#2057 = DIRECTION ( 'NONE',  ( 0.000000000000000000, 0.000000000000000000, -1.000000000000000000 ) ) ;
#2058 = PLANE ( 'NONE',  #1569 ) ;
#2059 = EDGE_CURVE ( 'NONE', #2234, #1147, #361, .T. ) ;
#2060 = ORIENTED_EDGE ( 'NONE', *, *, #99, .F. ) ;
#2061 = ADVANCED_FACE ( 'NONE', ( #320 ), #1860, .T. ) ;
#2062 = DIRECTION ( 'NONE',  ( 0.000000000000000000, 0.000000000000000000, -1.000000000000000000 ) ) ;
#2063 = VECTOR ( 'NONE', #1406, 1000.000000000000000 ) ;
#2064 = VERTEX_POINT ( 'NONE', #1317 ) ;
#2065 = ORIENTED_EDGE ( 'NONE', *, *, #2452, .F. ) ;
#2066 = EDGE_CURVE ( 'NONE', #1015, #723, #296, .T. ) ;
#2067 = SURFACE_STYLE_USAGE ( .BOTH. , #1313 ) ;
#2068 = ORIENTED_EDGE ( 'NONE', *, *, #2040, .F. ) ;
#2069 = CIRCLE ( 'NONE', #1404, 1.549999999999999600 ) ;
#2070 = VERTEX_POINT ( 'NONE', #881 ) ;
#2071 = VERTEX_POINT ( 'NONE', #2206 ) ;
#2072 = EDGE_CURVE ( 'NONE', #3063, #157, #2522, .T. ) ;
#2073 = AXIS2_PLACEMENT_3D ( 'NONE', #2627, #2800, #2577 ) ;
#2074 = DIRECTION ( 'NONE',  ( -0.7071067811865515695, 0.000000000000000000, -0.7071067811865435759 ) ) ;
#2075 = CARTESIAN_POINT ( 'NONE',  ( -0.9148324274224792774, 1.149999999999999911, 0.9240608881654681639 ) ) ;
#2076 = VECTOR ( 'NONE', #1286, 1000.000000000000000 ) ;
#2077 = ORIENTED_EDGE ( 'NONE', *, *, #1588, .T. ) ;
#2078 = ADVANCED_FACE ( 'NONE', ( #307 ), #555, .F. ) ;
#2079 = CARTESIAN_POINT ( 'NONE',  ( -1.680000000000000382, 0.5000000000000000000, -1.000000000000005773 ) ) ;
#2080 = DIRECTION ( 'NONE',  ( 0.000000000000000000, 0.000000000000000000, 1.000000000000000000 ) ) ;
#2081 = CARTESIAN_POINT ( 'NONE',  ( 1.600000000000000089, 0.6999999999999999556, 0.3500000000000005329 ) ) ;
#2082 = COLOUR_RGB ( '',1.000000000000000000, 0.8117647058823529438, 0.5019607843137254832 ) ;
#2083 = CARTESIAN_POINT ( 'NONE',  ( -0.1499999999999999667, 3.200609665440988127, -2.168404344971008868E-16 ) ) ;
#2084 = CARTESIAN_POINT ( 'NONE',  ( 1.350000000000000311, -1.654819834129047207, -0.8000000000000000444 ) ) ;
#2085 = ORIENTED_EDGE ( 'NONE', *, *, #701, .T. ) ;
#2086 = VERTEX_POINT ( 'NONE', #2395 ) ;
#2087 = DIRECTION ( 'NONE',  ( 0.000000000000000000, 0.000000000000000000, 1.000000000000000000 ) ) ;
#2088 = LINE ( 'NONE', #3154, #3209 ) ;
#2089 = CARTESIAN_POINT ( 'NONE',  ( 1.090857566527642541, 1.149994488702053674, 0.6514848660875218744 ) ) ;
#2090 = VERTEX_POINT ( 'NONE', #1388 ) ;
#2091 = FACE_OUTER_BOUND ( 'NONE', #2243, .T. ) ;
#2092 = CARTESIAN_POINT ( 'NONE',  ( 0.9001520239938711754, 0.1000000000000000056, -0.6302932327352410713 ) ) ;
#2093 = DIRECTION ( 'NONE',  ( 1.000000000000000000, -0.000000000000000000, 0.000000000000000000 ) ) ;
#2094 = EDGE_CURVE ( 'NONE', #1914, #384, #1454, .T. ) ;
#2095 = CARTESIAN_POINT ( 'NONE',  ( -0.8749999999999997780, 0.8249999999999999556, -0.4001383821942479102 ) ) ;
#2096 = LINE ( 'NONE', #1223, #975 ) ;
#2097 = ORIENTED_EDGE ( 'NONE', *, *, #1987, .F. ) ;
#2098 = EDGE_LOOP ( 'NONE', ( #3080, #3034, #1112, #2348, #42 ) ) ;
#2099 = CIRCLE ( 'NONE', #1293, 0.04864140247690286467 ) ;
#2100 = DIRECTION ( 'NONE',  ( 0.000000000000000000, 1.000000000000000000, -0.000000000000000000 ) ) ;
#2101 = PRODUCT_DEFINITION_SHAPE ( 'NONE', 'NONE',  #2432 ) ;
#2102 = DIRECTION ( 'NONE',  ( 0.000000000000000000, -0.000000000000000000, 1.000000000000000000 ) ) ;
#2103 = LINE ( 'NONE', #2136, #3270 ) ;
#2104 = ORIENTED_EDGE ( 'NONE', *, *, #701, .F. ) ;
#2105 = ORIENTED_EDGE ( 'NONE', *, *, #3228, .F. ) ;
#2106 = CARTESIAN_POINT ( 'NONE',  ( 1.091306203143500797, 1.149983461485170055, 0.6522273933069522300 ) ) ;
#2107 = LINE ( 'NONE', #1620, #2202 ) ;
#2108 = EDGE_CURVE ( 'NONE', #3201, #1950, #339, .T. ) ;
#2109 = CARTESIAN_POINT ( 'NONE',  ( -0.3749999999999999445, 1.000000000000000000, -0.1499999999999997724 ) ) ;
#2110 = ORIENTED_EDGE ( 'NONE', *, *, #231, .F. ) ;
#2111 = CARTESIAN_POINT ( 'NONE',  ( 0.5279196515790154365, 1.041666666666666741, 0.8190539690557563368 ) ) ;
#2112 = VECTOR ( 'NONE', #2373, 1000.000000000000000 ) ;
#2113 = EDGE_CURVE ( 'NONE', #1261, #265, #1444, .T. ) ;
#2114 = DIRECTION ( 'NONE',  ( -0.7071067811865489050, 0.000000000000000000, 0.7071067811865462405 ) ) ;
#2115 = CARTESIAN_POINT ( 'NONE',  ( 1.564642819948224961, 0.5500000000000001554, -0.3499999999999999778 ) ) ;
#2116 = PRESENTATION_STYLE_ASSIGNMENT (( #184 ) ) ;
#2117 = CIRCLE ( 'NONE', #3151, 1.549999999999999600 ) ;
#2118 = ORIENTED_EDGE ( 'NONE', *, *, #2189, .T. ) ;
#2119 = ORIENTED_EDGE ( 'NONE', *, *, #1431, .F. ) ;
#2120 = LINE ( 'NONE', #1144, #1034 ) ;
#2121 = ORIENTED_EDGE ( 'NONE', *, *, #257, .T. ) ;
#2122 = ORIENTED_EDGE ( 'NONE', *, *, #3134, .F. ) ;
#2123 = ORIENTED_EDGE ( 'NONE', *, *, #2033, .F. ) ;
#2124 = CARTESIAN_POINT ( 'NONE',  ( 1.364958465056466563, 1.126043131280076048, -0.7329149888624333364 ) ) ;
#2125 = VECTOR ( 'NONE', #592, 1000.000000000000000 ) ;
#2126 = EDGE_LOOP ( 'NONE', ( #413, #2816, #1972 ) ) ;
#2127 = ORIENTED_EDGE ( 'NONE', *, *, #474, .F. ) ;
#2128 = ORIENTED_EDGE ( 'NONE', *, *, #1803, .F. ) ;
#2129 = CARTESIAN_POINT ( 'NONE',  ( -1.350000000000000311, 0.000000000000000000, -0.7999999999999998224 ) ) ;
#2130 = DIRECTION ( 'NONE',  ( -0.000000000000000000, -1.000000000000000000, -0.000000000000000000 ) ) ;
#2131 = CARTESIAN_POINT ( 'NONE',  ( 0.3191277584346352558, 0.9333333333333333481, -0.8500000000000003109 ) ) ;
#2132 = VECTOR ( 'NONE', #234, 1000.000000000000000 ) ;
#2133 = ORIENTED_EDGE ( 'NONE', *, *, #2579, .F. ) ;
#2134 = ORIENTED_EDGE ( 'NONE', *, *, #2330, .T. ) ;
#2135 = ORIENTED_EDGE ( 'NONE', *, *, #1768, .T. ) ;
#2136 = CARTESIAN_POINT ( 'NONE',  ( 1.680000000000000160, 0.1000000000000000056, 0.3500000000000004219 ) ) ;
#2137 = CARTESIAN_POINT ( 'NONE',  ( -1.680000000000000382, 0.5000000000000000000, 0.2481934729198116696 ) ) ;
#2138 = LINE ( 'NONE', #1170, #1046 ) ;
#2139 = DIRECTION ( 'NONE',  ( 0.000000000000000000, 0.000000000000000000, -1.000000000000000000 ) ) ;
#2140 = CARTESIAN_POINT ( 'NONE',  ( -1.640155295723961792, 0.1199999999999999956, -0.4265409647687218309 ) ) ;
#2141 = ORIENTED_EDGE ( 'NONE', *, *, #58, .F. ) ;
#2142 = EDGE_CURVE ( 'NONE', #3193, #993, #323, .T. ) ;
#2143 = AXIS2_PLACEMENT_3D ( 'NONE', #204, #2587, #2557 ) ;
#2144 = AXIS2_PLACEMENT_3D ( 'NONE', #834, #541, #1123 ) ;
#2145 = ORIENTED_EDGE ( 'NONE', *, *, #1941, .F. ) ;
#2146 = ORIENTED_EDGE ( 'NONE', *, *, #1403, .T. ) ;
#2147 = CARTESIAN_POINT ( 'NONE',  ( 1.084202172485506899E-16, 0.1000000000000000056, 0.3500000000000010325 ) ) ;
#2148 = ORIENTED_EDGE ( 'NONE', *, *, #772, .F. ) ;
#2149 = AXIS2_PLACEMENT_3D ( 'NONE', #1919, #2201, #2972 ) ;
#2150 = LINE ( 'NONE', #2419, #2112 ) ;
#2151 = ADVANCED_FACE ( 'NONE', ( #2584 ), #1472, .T. ) ;
#2152 = ORIENTED_EDGE ( 'NONE', *, *, #1128, .T. ) ;
#2153 = PLANE ( 'NONE',  #2998 ) ;
#2154 = ORIENTED_EDGE ( 'NONE', *, *, #2452, .T. ) ;
#2155 = DIRECTION ( 'NONE',  ( 0.000000000000000000, 0.000000000000000000, 1.000000000000000000 ) ) ;
#2156 = DIRECTION ( 'NONE',  ( -0.000000000000000000, -1.000000000000000000, 0.000000000000000000 ) ) ;
#2157 = CARTESIAN_POINT ( 'NONE',  ( 0.4410068757355519176, 0.9333333333333333481, 0.7140470499460439546 ) ) ;
#2158 = FACE_OUTER_BOUND ( 'NONE', #122, .T. ) ;
#2159 = DIRECTION ( 'NONE',  ( 0.000000000000000000, -1.000000000000000000, 0.000000000000000000 ) ) ;
#2160 = ORIENTED_EDGE ( 'NONE', *, *, #440, .T. ) ;
#2161 = DIRECTION ( 'NONE',  ( 0.000000000000000000, 0.000000000000000000, 1.000000000000000000 ) ) ;
#2162 = ORIENTED_EDGE ( 'NONE', *, *, #804, .T. ) ;
#2163 = DIRECTION ( 'NONE',  ( 0.000000000000000000, -0.000000000000000000, 1.000000000000000000 ) ) ;
#2164 = CARTESIAN_POINT ( 'NONE',  ( 1.670000000000000151, 0.000000000000000000, 0.8000000000000004885 ) ) ;
#2165 = EDGE_LOOP ( 'NONE', ( #2618, #2418, #1974, #1954, #2413, #2558, #1289 ) ) ;
#2166 = CLOSED_SHELL ( 'NONE', ( #1279, #2078, #1094, #2566, #491, #1452, #1304, #3074, #1477, #989, #2616, #2497, #167, #112 ) ) ;
#2167 = ORIENTED_EDGE ( 'NONE', *, *, #2010, .T. ) ;
#2168 = VECTOR ( 'NONE', #1519, 1000.000000000000114 ) ;
#2169 = ORIENTED_EDGE ( 'NONE', *, *, #1021, .T. ) ;
#2170 = ORIENTED_EDGE ( 'NONE', *, *, #2639, .F. ) ;
#2171 = ORIENTED_EDGE ( 'NONE', *, *, #1574, .T. ) ;
#2172 = DIRECTION ( 'NONE',  ( -0.000000000000000000, 1.000000000000000000, 0.000000000000000000 ) ) ;
#2173 = ORIENTED_EDGE ( 'NONE', *, *, #1368, .T. ) ;
#2174 = EDGE_CURVE ( 'NONE', #1042, #3253, #1479, .T. ) ;
#2175 = ORIENTED_EDGE ( 'NONE', *, *, #2292, .F. ) ;
#2176 = DIRECTION ( 'NONE',  ( 0.000000000000000000, 0.000000000000000000, 1.000000000000000000 ) ) ;
#2177 = ORIENTED_EDGE ( 'NONE', *, *, #338, .F. ) ;
#2178 = CARTESIAN_POINT ( 'NONE',  ( -1.350000000000000089, 0.1199999999999998845, 0.8000000000000002665 ) ) ;
#2179 = DIRECTION ( 'NONE',  ( 0.000000000000000000, 0.000000000000000000, 1.000000000000000000 ) ) ;
#2180 = PLANE ( 'NONE',  #1346 ) ;
#2181 = CARTESIAN_POINT ( 'NONE',  ( 0.05449303252499497485, 0.9333333333333333481, 0.8261211544723391365 ) ) ;
#2182 = FACE_OUTER_BOUND ( 'NONE', #3177, .T. ) ;
#2183 = ORIENTED_EDGE ( 'NONE', *, *, #2592, .F. ) ;
#2184 = VERTEX_POINT ( 'NONE', #2623 ) ;
#2185 = DIRECTION ( 'NONE',  ( 0.000000000000000000, 0.000000000000000000, 1.000000000000000000 ) ) ;
#2186 = CARTESIAN_POINT ( 'NONE',  ( -0.1499999999999999667, 0.5500000000000001554, -2.168404344971008868E-16 ) ) ;
#2187 = DIRECTION ( 'NONE',  ( -0.000000000000000000, 1.000000000000000000, -0.000000000000000000 ) ) ;
#2188 = LINE ( 'NONE', #779, #1083 ) ;
#2189 = EDGE_CURVE ( 'NONE', #373, #1263, #1405, .T. ) ;
#2190 = AXIS2_PLACEMENT_3D ( 'NONE', #2523, #1754, #3065 ) ;
#2191 = DIRECTION ( 'NONE',  ( -0.000000000000000000, -1.000000000000000000, -0.000000000000000000 ) ) ;
#2192 = CARTESIAN_POINT ( 'NONE',  ( -0.1500000000000001887, 1.149999999999999911, 1.099999999999999867 ) ) ;
#2193 = PLANE ( 'NONE',  #156 ) ;
#2194 = ORIENTED_EDGE ( 'NONE', *, *, #727, .F. ) ;
#2195 = LINE ( 'NONE', #3039, #2168 ) ;
#2196 = ORIENTED_EDGE ( 'NONE', *, *, #2646, .F. ) ;
#2197 = DIRECTION ( 'NONE',  ( 0.000000000000000000, 1.000000000000000000, 0.000000000000000000 ) ) ;
#2198 = ORIENTED_EDGE ( 'NONE', *, *, #1328, .F. ) ;
#2199 = CARTESIAN_POINT ( 'NONE',  ( 5.421010862427539919E-16, 0.1000000000000000056, 0.8000000000000015987 ) ) ;
#2200 = VERTEX_POINT ( 'NONE', #197 ) ;
#2201 = DIRECTION ( 'NONE',  ( 0.000000000000000000, 1.000000000000000000, 0.000000000000000000 ) ) ;
#2202 = VECTOR ( 'NONE', #1019, 1000.000000000000000 ) ;
#2203 = VERTEX_POINT ( 'NONE', #2280 ) ;
#2204 = EDGE_LOOP ( 'NONE', ( #1469, #753, #125, #1437, #2526, #2018 ) ) ;
#2205 = CARTESIAN_POINT ( 'NONE',  ( 1.406438241627337993, 0.9999999999999991118, 0.8000000000000001554 ) ) ;
#2206 = CARTESIAN_POINT ( 'NONE',  ( 1.600000000000000089, 0.5499999999999992673, -7.589415207398527094E-16 ) ) ;
#2207 = CARTESIAN_POINT ( 'NONE',  ( 0.07500000000000009437, 1.082584352958826157, 0.6067034221041244235 ) ) ;
#2208 = EDGE_CURVE ( 'NONE', #238, #2200, #2593, .T. ) ;
#2209 = CYLINDRICAL_SURFACE ( 'NONE', #668, 0.04864140247690286467 ) ;
#2210 = AXIS2_PLACEMENT_3D ( 'NONE', #1691, #2554, #2521 ) ;
#2211 = ORIENTED_EDGE ( 'NONE', *, *, #2739, .F. ) ;
#2212 = ORIENTED_EDGE ( 'NONE', *, *, #335, .T. ) ;
#2213 = ORIENTED_EDGE ( 'NONE', *, *, #2142, .T. ) ;
#2214 = VERTEX_POINT ( 'NONE', #633 ) ;
#2215 = DIRECTION ( 'NONE',  ( 0.000000000000000000, 1.000000000000000000, 0.000000000000000000 ) ) ;
#2216 = CARTESIAN_POINT ( 'NONE',  ( 1.171177354176415442, 1.059111386044237380, -0.7886687960576643786 ) ) ;
#2217 = FACE_OUTER_BOUND ( 'NONE', #96, .T. ) ;
#2218 = ORIENTED_EDGE ( 'NONE', *, *, #3137, .F. ) ;
#2219 = EDGE_LOOP ( 'NONE', ( #3301, #1139 ) ) ;
#2220 = DIRECTION ( 'NONE',  ( 0.000000000000000000, 0.000000000000000000, 1.000000000000000000 ) ) ;
#2221 = CARTESIAN_POINT ( 'NONE',  ( 0.9001520239938732848, 0.1000000000000000056, 0.6302932327352409603 ) ) ;
#2222 = VERTEX_POINT ( 'NONE', #686 ) ;
#2223 = EDGE_CURVE ( 'NONE', #1016, #1232, #342, .T. ) ;
#2224 = CARTESIAN_POINT ( 'NONE',  ( -1.026446609406727495, 0.000000000000000000, 1.300000000000000266 ) ) ;
#2225 = ORIENTED_EDGE ( 'NONE', *, *, #2721, .F. ) ;
#2226 = ADVANCED_FACE ( 'NONE', ( #349 ), #1458, .T. ) ;
#2227 = VERTEX_POINT ( 'NONE', #986 ) ;
#2228 = VERTEX_POINT ( 'NONE', #2516 ) ;
#2229 = CARTESIAN_POINT ( 'NONE',  ( 1.399704899056001706, 1.058296455877010933, 0.7889885404231757882 ) ) ;
#2230 = CARTESIAN_POINT ( 'NONE',  ( -1.900000000000000355, 0.5499999999999999334, 0.3500000000000016431 ) ) ;
#2231 = DIRECTION ( 'NONE',  ( -0.8191520442889907994, 0.000000000000000000, 0.5735764363510476027 ) ) ;
#2232 = DIRECTION ( 'NONE',  ( 0.000000000000000000, 1.000000000000000000, 0.000000000000000000 ) ) ;
#2233 = ORIENTED_EDGE ( 'NONE', *, *, #46, .F. ) ;
#2234 = VERTEX_POINT ( 'NONE', #1772 ) ;
#2235 = CARTESIAN_POINT ( 'NONE',  ( 1.640155295723961348, 0.000000000000000000, -0.4265409647687218309 ) ) ;
#2236 = EDGE_CURVE ( 'NONE', #3310, #1038, #1497, .T. ) ;
#2237 = AXIS2_PLACEMENT_3D ( 'NONE', #443, #713, #1265 ) ;
#2238 = DIRECTION ( 'NONE',  ( -0.000000000000000000, -1.000000000000000000, -0.000000000000000000 ) ) ;
#2239 = DIRECTION ( 'NONE',  ( -1.807003620809174385E-16, 0.000000000000000000, -1.000000000000000000 ) ) ;
#2240 = ORIENTED_EDGE ( 'NONE', *, *, #1530, .T. ) ;
#2241 = EDGE_CURVE ( 'NONE', #3149, #1099, #284, .T. ) ;
#2242 = CARTESIAN_POINT ( 'NONE',  ( 1.669999999999999929, 0.000000000000000000, -0.8000000000000000444 ) ) ;
#2243 = EDGE_LOOP ( 'NONE', ( #2068, #2257, #3332, #1072, #1084, #2105, #2198, #1847, #3403, #3250 ) ) ;
#2244 = CARTESIAN_POINT ( 'NONE',  ( 1.600000000000000089, 0.5499999999999999334, 0.3500000000000005329 ) ) ;
#2245 = CARTESIAN_POINT ( 'NONE',  ( -0.1499999999999999667, 1.100000000000000089, -2.168404344971008868E-16 ) ) ;
#2246 = ORIENTED_EDGE ( 'NONE', *, *, #1982, .T. ) ;
#2247 = AXIS2_PLACEMENT_3D ( 'NONE', #2655, #548, #2911 ) ;
#2248 = CARTESIAN_POINT ( 'NONE',  ( -1.350000000000000089, 0.1199999999999998845, -0.7999999999999998224 ) ) ;
#2249 = ORIENTED_EDGE ( 'NONE', *, *, #2346, .F. ) ;
#2250 = CARTESIAN_POINT ( 'NONE',  ( 1.390912487209355008, 1.083380845592700537, 0.7746901543356421449 ) ) ;
#2251 = EDGE_CURVE ( 'NONE', #1814, #19, #1605, .T. ) ;
#2252 = ORIENTED_EDGE ( 'NONE', *, *, #3314, .T. ) ;
#2253 = DIRECTION ( 'NONE',  ( 0.000000000000000000, 1.000000000000000000, -0.000000000000000000 ) ) ;
#2254 = CARTESIAN_POINT ( 'NONE',  ( 0.07500000000000009437, 1.040034694379413871, 0.6575437786883315816 ) ) ;
#2255 = ORIENTED_EDGE ( 'NONE', *, *, #1431, .T. ) ;
#2256 = ORIENTED_EDGE ( 'NONE', *, *, #1508, .T. ) ;
#2257 = ORIENTED_EDGE ( 'NONE', *, *, #2223, .T. ) ;
#2258 = MECHANICAL_DESIGN_GEOMETRIC_PRESENTATION_REPRESENTATION (  '', ( #2658 ), #847 ) ;
#2259 = DIRECTION ( 'NONE',  ( -0.000000000000000000, -1.000000000000000000, 0.000000000000000000 ) ) ;
#2260 = DIRECTION ( 'NONE',  ( 1.000000000000000000, 0.000000000000000000, -6.776263578034411587E-16 ) ) ;
#2261 = SURFACE_SIDE_STYLE ('',( #3153 ) ) ;
#2262 = EDGE_LOOP ( 'NONE', ( #1540, #1922, #1161, #57, #33, #1781, #26, #2011 ) ) ;
#2263 = ORIENTED_EDGE ( 'NONE', *, *, #2710, .F. ) ;
#2264 = CARTESIAN_POINT ( 'NONE',  ( 1.600000000000000089, 0.5499999999999999334, 0.3500000000000005329 ) ) ;
#2265 = VERTEX_POINT ( 'NONE', #404 ) ;
#2266 = ORIENTED_EDGE ( 'NONE', *, *, #2583, .F. ) ;
#2267 = EDGE_CURVE ( 'NONE', #3380, #564, #1558, .T. ) ;
#2268 = CARTESIAN_POINT ( 'NONE',  ( -1.680000000000000382, 0.6420337307994701259, -0.4834450997597750654 ) ) ;
#2269 = EDGE_LOOP ( 'NONE', ( #2145, #2218, #2141, #3289 ) ) ;
#2270 = CARTESIAN_POINT ( 'NONE',  ( -0.06978860114549699512, 1.041666666666666741, 0.9728155856733751161 ) ) ;
#2271 = ORIENTED_EDGE ( 'NONE', *, *, #924, .F. ) ;
#2272 = CARTESIAN_POINT ( 'NONE',  ( -0.3287070848238352605, 1.149999999999999911, 1.086729439400613950 ) ) ;
#2273 = ORIENTED_EDGE ( 'NONE', *, *, #1588, .F. ) ;
#2274 = EDGE_CURVE ( 'NONE', #597, #3101, #2667, .T. ) ;
#2275 = ADVANCED_FACE ( 'NONE', ( #2674 ), #3086, .F. ) ;
#2276 = EDGE_LOOP ( 'NONE', ( #2398, #485, #1638, #2127, #3266, #2171, #2815, #1785, #34 ) ) ;
#2277 = CARTESIAN_POINT ( 'NONE',  ( -0.1499999999999998279, 0.9333333333333333481, -0.8500000000000003109 ) ) ;
#2278 = DIRECTION ( 'NONE',  ( 1.000000000000000000, 0.000000000000000000, 0.000000000000000000 ) ) ;
#2279 = VERTEX_POINT ( 'NONE', #1189 ) ;
#2280 = CARTESIAN_POINT ( 'NONE',  ( -0.1500000000000001887, 1.149999999999999911, 1.099999999999999867 ) ) ;
#2281 = CARTESIAN_POINT ( 'NONE',  ( -0.3749999999999998890, 1.052900082822172179, -0.6473393280486792190 ) ) ;
#2282 = EDGE_CURVE ( 'NONE', #1113, #1147, #426, .T. ) ;
#2283 = AXIS2_PLACEMENT_3D ( 'NONE', #650, #1525, #1969 ) ;
#2284 = ORIENTED_EDGE ( 'NONE', *, *, #1574, .F. ) ;
#2285 = VERTEX_POINT ( 'NONE', #660 ) ;
#2286 = AXIS2_PLACEMENT_3D ( 'NONE', #565, #1647, #2376 ) ;
#2287 = PLANE ( 'NONE',  #1267 ) ;
#2288 = DIRECTION ( 'NONE',  ( 0.000000000000000000, -0.000000000000000000, 1.000000000000000000 ) ) ;
#2289 = ORIENTED_EDGE ( 'NONE', *, *, #3096, .F. ) ;
#2290 = CARTESIAN_POINT ( 'NONE',  ( -1.636066017177981946, 0.5000000000000000000, 1.043933982822024431 ) ) ;
#2291 = ORIENTED_EDGE ( 'NONE', *, *, #1813, .F. ) ;
#2292 = EDGE_CURVE ( 'NONE', #2070, #1333, #1586, .T. ) ;
#2293 = ORIENTED_EDGE ( 'NONE', *, *, #72, .F. ) ;
#2294 = ORIENTED_EDGE ( 'NONE', *, *, #840, .T. ) ;
#2295 = CARTESIAN_POINT ( 'NONE',  ( 0.3881171346750227347, 1.041666666666666741, -0.9750000000000003109 ) ) ;
#2296 = ORIENTED_EDGE ( 'NONE', *, *, #2806, .T. ) ;
#2297 = CARTESIAN_POINT ( 'NONE',  ( -0.3544930325249951442, 0.9333333333333333481, 0.8261211544723391365 ) ) ;
#2298 = EDGE_LOOP ( 'NONE', ( #2032, #571, #2300, #45 ) ) ;
#2299 = CARTESIAN_POINT ( 'NONE',  ( 1.599999999999999867, 0.6999999999999999556, -0.3499999999999999778 ) ) ;
#2300 = ORIENTED_EDGE ( 'NONE', *, *, #2919, .F. ) ;
#2301 = CARTESIAN_POINT ( 'NONE',  ( -1.530000000000000249, 0.5000000000000000000, 0.9378679656440416235 ) ) ;
#2302 = DIRECTION ( 'NONE',  ( 0.000000000000000000, -0.000000000000000000, 1.000000000000000000 ) ) ;
#2303 = CARTESIAN_POINT ( 'NONE',  ( 0.07500000000000009437, 0.9000000000000001332, 0.7500000000000001110 ) ) ;
#2304 = CARTESIAN_POINT ( 'NONE',  ( 1.350000000000000311, 0.000000000000000000, -1.349999999999999867 ) ) ;
#2305 = ADVANCED_FACE ( 'NONE', ( #386 ), #1952, .F. ) ;
#2306 = CARTESIAN_POINT ( 'NONE',  ( 1.379584726436051678, 1.106721022419610234, -0.7563593106306005787 ) ) ;
#2307 = VERTEX_POINT ( 'NONE', #3006 ) ;
#2308 = PLANE ( 'NONE',  #2190 ) ;
#2309 = CARTESIAN_POINT ( 'NONE',  ( 1.129756909027557876, 1.135209070250135843, 0.7168020456213903824 ) ) ;
#2310 = CARTESIAN_POINT ( 'NONE',  ( -1.026446609406727495, 0.5000000000000000000, -1.300000000000000044 ) ) ;
#2311 = ORIENTED_EDGE ( 'NONE', *, *, #1080, .F. ) ;
#2312 = EDGE_CURVE ( 'NONE', #314, #1996, #2715, .T. ) ;
#2313 = ADVANCED_FACE ( 'NONE', ( #1546 ), #375, .T. ) ;
#2314 = CARTESIAN_POINT ( 'NONE',  ( -1.680000000000000382, 0.1199999999999999956, -0.3499999999999999778 ) ) ;
#2315 = ORIENTED_EDGE ( 'NONE', *, *, #1979, .F. ) ;
#2316 = CARTESIAN_POINT ( 'NONE',  ( 0.2501383821942476660, 0.8249999999999999556, -0.7250000000000001998 ) ) ;
#2317 = EDGE_CURVE ( 'NONE', #1889, #518, #394, .T. ) ;
#2318 = AXIS2_PLACEMENT_3D ( 'NONE', #2336, #1076, #781 ) ;
#2319 = VERTEX_POINT ( 'NONE', #3032 ) ;
#2320 = CARTESIAN_POINT ( 'NONE',  ( 1.749999999999999778, 0.000000000000000000, -0.3500000000000000333 ) ) ;
#2321 = EDGE_CURVE ( 'NONE', #2338, #2897, #444, .T. ) ;
#2322 = CARTESIAN_POINT ( 'NONE',  ( -1.680000000000000382, 0.000000000000000000, -1.000000000000005773 ) ) ;
#2323 = DIRECTION ( 'NONE',  ( -0.000000000000000000, 1.000000000000000000, -0.000000000000000000 ) ) ;
#2324 = DIRECTION ( 'NONE',  ( -1.000000000000000000, 0.000000000000000000, 0.000000000000000000 ) ) ;
#2325 = EDGE_CURVE ( 'NONE', #2055, #3187, #1517, .T. ) ;
#2326 = AXIS2_PLACEMENT_3D ( 'NONE', #2415, #2643, #1927 ) ;
#2327 = CARTESIAN_POINT ( 'NONE',  ( -0.1499999999999999667, 1.149999999999999911, -2.168404344971008868E-16 ) ) ;
#2328 = EDGE_CURVE ( 'NONE', #2897, #2200, #450, .T. ) ;
#2329 = DIRECTION ( 'NONE',  ( -0.000000000000000000, 1.000000000000000000, -0.000000000000000000 ) ) ;
#2330 = EDGE_CURVE ( 'NONE', #2279, #2940, #421, .T. ) ;
#2331 = ORIENTED_EDGE ( 'NONE', *, *, #2059, .T. ) ;
#2332 = DIRECTION ( 'NONE',  ( 0.000000000000000000, 0.000000000000000000, 1.000000000000000000 ) ) ;
#2333 = CARTESIAN_POINT ( 'NONE',  ( 1.680000000000000160, 0.000000000000000000, 0.3500000000000004219 ) ) ;
#2334 = ORIENTED_EDGE ( 'NONE', *, *, #865, .F. ) ;
#2335 = EDGE_CURVE ( 'NONE', #559, #2409, #2657, .T. ) ;
#2336 = CARTESIAN_POINT ( 'NONE',  ( -1.026446609406727495, 0.5000000000000000000, -1.300000000000000044 ) ) ;
#2337 = CARTESIAN_POINT ( 'NONE',  ( -0.3749999999999998890, 1.064197888226714017, -0.6348454099649787352 ) ) ;
#2338 = VERTEX_POINT ( 'NONE', #2375 ) ;
#2339 = ORIENTED_EDGE ( 'NONE', *, *, #252, .F. ) ;
#2340 = AXIS2_PLACEMENT_3D ( 'NONE', #2661, #2231, #1880 ) ;
#2341 = DIRECTION ( 'NONE',  ( 0.000000000000000000, 1.000000000000000000, 0.000000000000000000 ) ) ;
#2342 = CARTESIAN_POINT ( 'NONE',  ( 1.089959676763733620, 1.149999999999999911, 0.6499999999999812594 ) ) ;
#2343 = DIRECTION ( 'NONE',  ( 0.000000000000000000, 1.000000000000000000, -0.000000000000000000 ) ) ;
#2344 = ORIENTED_EDGE ( 'NONE', *, *, #2846, .F. ) ;
#2345 = CARTESIAN_POINT ( 'NONE',  ( -1.680000000000000382, 0.5000000000000000000, 0.3500000000000004219 ) ) ;
#2346 = EDGE_CURVE ( 'NONE', #1382, #3388, #3374, .T. ) ;
#2347 = CARTESIAN_POINT ( 'NONE',  ( -0.5250000000000004663, 1.100000000000000089, 2.159934015498465865E-16 ) ) ;
#2348 = ORIENTED_EDGE ( 'NONE', *, *, #1594, .F. ) ;
#2349 = ORIENTED_EDGE ( 'NONE', *, *, #425, .F. ) ;
#2350 = CARTESIAN_POINT ( 'NONE',  ( -0.7571065109154100359, 1.149999999999999911, -1.100000000000000311 ) ) ;
#2351 = PRODUCT_RELATED_PRODUCT_CATEGORY ( 'part', '', ( #1655 ) ) ;
#2352 = ORIENTED_EDGE ( 'NONE', *, *, #2912, .T. ) ;
#2353 = CARTESIAN_POINT ( 'NONE',  ( -1.680000000000000382, 0.5000000000000000000, -1.000000000000005773 ) ) ;
#2354 = CARTESIAN_POINT ( 'NONE',  ( -0.5250000000000004663, 1.100000000000000089, 2.159934015498465865E-16 ) ) ;
#2355 = ORIENTED_EDGE ( 'NONE', *, *, #2267, .F. ) ;
#2356 = CARTESIAN_POINT ( 'NONE',  ( -0.3749999999999998890, 1.100000000000000089, 0.5291502622129178324 ) ) ;
#2357 = CARTESIAN_POINT ( 'NONE',  ( -0.5250000000000004663, 1.000000000000000000, 2.159934015498465865E-16 ) ) ;
#2358 = ORIENTED_EDGE ( 'NONE', *, *, #3134, .T. ) ;
#2359 = DIRECTION ( 'NONE',  ( -1.000000000000000000, -0.000000000000000000, -0.000000000000000000 ) ) ;
#2360 = VECTOR ( 'NONE', #504, 1000.000000000000227 ) ;
#2361 = EDGE_LOOP ( 'NONE', ( #1994, #2000, #614, #731 ) ) ;
#2362 = CARTESIAN_POINT ( 'NONE',  ( 1.350000000000000755, 0.1000000000000000056, 0.8000000000000007105 ) ) ;
#2363 = EDGE_LOOP ( 'NONE', ( #1143, #2504, #1165, #2489, #1031, #2173 ) ) ;
#2364 = VECTOR ( 'NONE', #249, 1000.000000000000000 ) ;
#2365 = ORIENTED_EDGE ( 'NONE', *, *, #1657, .F. ) ;
#2366 = ORIENTED_EDGE ( 'NONE', *, *, #818, .T. ) ;
#2367 = DIRECTION ( 'NONE',  ( 0.000000000000000000, -1.000000000000000000, 0.000000000000000000 ) ) ;
#2368 = CARTESIAN_POINT ( 'NONE',  ( -0.1265436120782684193, 0.9333333333333333481, 0.8499999999999996447 ) ) ;
#2369 = CARTESIAN_POINT ( 'NONE',  ( -1.680000000000000382, 0.5000000000000000000, -1.000000000000005773 ) ) ;
#2370 = LINE ( 'NONE', #376, #147 ) ;
#2371 = EDGE_LOOP ( 'NONE', ( #3394, #1300, #2152, #3359, #3346 ) ) ;
#2372 = ORIENTED_EDGE ( 'NONE', *, *, #3180, .F. ) ;
#2373 = DIRECTION ( 'NONE',  ( 1.000000000000000000, -0.000000000000000000, 0.000000000000000000 ) ) ;
#2374 = CARTESIAN_POINT ( 'NONE',  ( -1.680000000000000382, 0.5000000000000000000, 0.9378679656440417345 ) ) ;
#2375 = CARTESIAN_POINT ( 'NONE',  ( 1.406438241627338437, 0.1000000000000000472, -0.8000000000000000444 ) ) ;
#2376 = DIRECTION ( 'NONE',  ( 1.355252715606880543E-16, 0.000000000000000000, 1.000000000000000000 ) ) ;
#2377 = LINE ( 'NONE', #2906, #2466 ) ;
#2378 = EDGE_LOOP ( 'NONE', ( #797, #1868, #408 ) ) ;
#2379 = ORIENTED_EDGE ( 'NONE', *, *, #1056, .T. ) ;
#2380 = VECTOR ( 'NONE', #2781, 1000.000000000000114 ) ;
#2381 = CARTESIAN_POINT ( 'NONE',  ( -0.1499999999999998557, 1.149999999999999911, -1.100000000000000311 ) ) ;
#2382 = EDGE_CURVE ( 'NONE', #2425, #2825, #415, .T. ) ;
#2383 = DIRECTION ( 'NONE',  ( 1.000000000000000000, 0.000000000000000000, -7.744301232039321612E-16 ) ) ;
#2384 = PLANE ( 'NONE',  #809 ) ;
#2385 = LINE ( 'NONE', #132, #1268 ) ;
#2386 = VERTEX_POINT ( 'NONE', #3156 ) ;
#2387 = B_SPLINE_CURVE_WITH_KNOTS ( 'NONE', 3,
 ( #1408, #2035, #685, #2542, #1948, #1245, #344, #1637, #2976, #3238, #1186, #2005, #2250, #1457, #2229, #1684, #3261, #107, #2205 ),
 .UNSPECIFIED., .F., .F.,
 ( 4, 3, 3, 3, 3, 3, 4 ),
 ( -2.562518051917313782E-06, 0.000000000000000000, 6.312446240443784714E-05, 0.0001168918853375830740, 0.0001640500630705852972, 0.0002088016117292962554, 0.0002537245556434356529 ),
 .UNSPECIFIED. ) ;
#2388 = AXIS2_PLACEMENT_3D ( 'NONE', #1224, #3031, #2702 ) ;
#2389 = ORIENTED_EDGE ( 'NONE', *, *, #310, .T. ) ;
#2390 = FACE_OUTER_BOUND ( 'NONE', #1230, .T. ) ;
#2391 = ORIENTED_EDGE ( 'NONE', *, *, #36, .T. ) ;
#2392 = AXIS2_PLACEMENT_3D ( 'NONE', #916, #1194, #2019 ) ;
#2393 = ORIENTED_EDGE ( 'NONE', *, *, #493, .T. ) ;
#2394 = EDGE_CURVE ( 'NONE', #3009, #2760, #1591, .T. ) ;
#2395 = CARTESIAN_POINT ( 'NONE',  ( -1.680000000000000382, 0.000000000000000000, 0.8000000000000002665 ) ) ;
#2396 = CARTESIAN_POINT ( 'NONE',  ( 0.9500000000000000666, 1.149999999999999911, 0.4856852087323277889 ) ) ;
#2397 = ADVANCED_FACE ( 'NONE', ( #2620 ), #2901, .F. ) ;
#2398 = ORIENTED_EDGE ( 'NONE', *, *, #123, .T. ) ;
#2399 = FACE_OUTER_BOUND ( 'NONE', #2219, .T. ) ;
#2400 = EDGE_LOOP ( 'NONE', ( #978, #3217, #2249, #2170 ) ) ;
#2401 = ORIENTED_EDGE ( 'NONE', *, *, #3225, .T. ) ;
#2402 = DIRECTION ( 'NONE',  ( -0.000000000000000000, -1.000000000000000000, 0.000000000000000000 ) ) ;
#2403 = DIRECTION ( 'NONE',  ( 0.000000000000000000, 1.000000000000000000, 0.000000000000000000 ) ) ;
#2404 = LINE ( 'NONE', #2939, #2426 ) ;
#2405 = EDGE_LOOP ( 'NONE', ( #904, #886, #269, #301, #1371 ) ) ;
#2406 = CARTESIAN_POINT ( 'NONE',  ( -0.1500000000000001887, 1.149999999999999911, 1.099999999999999867 ) ) ;
#2407 = VECTOR ( 'NONE', #768, 1000.000000000000000 ) ;
#2408 = EDGE_LOOP ( 'NONE', ( #983, #2875, #3379, #2134 ) ) ;
#2409 = VERTEX_POINT ( 'NONE', #3182 ) ;
#2410 = CARTESIAN_POINT ( 'NONE',  ( -0.1499999999999999667, 1.149999999999999911, -2.168404344971008868E-16 ) ) ;
#2411 = VECTOR ( 'NONE', #424, 1000.000000000000000 ) ;
#2412 = DIRECTION ( 'NONE',  ( 0.000000000000000000, 1.000000000000000000, -0.000000000000000000 ) ) ;
#2413 = ORIENTED_EDGE ( 'NONE', *, *, #2583, .T. ) ;
#2414 = ORIENTED_EDGE ( 'NONE', *, *, #3338, .F. ) ;
#2415 = CARTESIAN_POINT ( 'NONE',  ( -1.680000000000000382, 0.000000000000000000, -0.3986414024769028841 ) ) ;
#2416 = CARTESIAN_POINT ( 'NONE',  ( 0.3540940998920883431, 0.8249999999999999556, 0.6090401308363314614 ) ) ;
#2417 = VECTOR ( 'NONE', #3174, 1000.000000000000000 ) ;
#2418 = ORIENTED_EDGE ( 'NONE', *, *, #804, .F. ) ;
#2419 = CARTESIAN_POINT ( 'NONE',  ( -1.680000000000000382, 0.1199999999999998845, 0.3499999999999999778 ) ) ;
#2420 = CARTESIAN_POINT ( 'NONE',  ( 1.138041984224042791, 1.127294175205547866, -0.7309987118220750979 ) ) ;
#2421 = AXIS2_PLACEMENT_3D ( 'NONE', #2224, #1355, #1918 ) ;
#2422 = DIRECTION ( 'NONE',  ( 0.000000000000000000, 0.000000000000000000, 1.000000000000000000 ) ) ;
#2423 = DIRECTION ( 'NONE',  ( -0.000000000000000000, -1.000000000000000000, -0.000000000000000000 ) ) ;
#2424 = ADVANCED_FACE ( 'NONE', ( #1561 ), #2597, .F. ) ;
#2425 = VERTEX_POINT ( 'NONE', #1330 ) ;
#2426 = VECTOR ( 'NONE', #327, 1000.000000000000000 ) ;
#2427 = ORIENTED_EDGE ( 'NONE', *, *, #2721, .T. ) ;
#2428 = DIRECTION ( 'NONE',  ( 1.000000000000000000, -0.000000000000000000, -0.000000000000000000 ) ) ;
#2429 = TOROIDAL_SURFACE ( 'NONE', #273, 0.5749999999999999556, 0.1499999999999999944 ) ;
#2430 = ORIENTED_EDGE ( 'NONE', *, *, #46, .T. ) ;
#2431 = EDGE_CURVE ( 'NONE', #1232, #1382, #1523, .T. ) ;
#2432 = PRODUCT_DEFINITION ( 'UNKNOWN', '', #1708, #906 ) ;
#2433 = EDGE_CURVE ( 'NONE', #164, #1016, #464, .T. ) ;
#2434 = FACE_OUTER_BOUND ( 'NONE', #2363, .T. ) ;
#2435 = CARTESIAN_POINT ( 'NONE',  ( 1.177591804735174996, -1.654819834129047207, 0.8000000000000000444 ) ) ;
#2436 = ORIENTED_EDGE ( 'NONE', *, *, #772, .T. ) ;
#2437 = CARTESIAN_POINT ( 'NONE',  ( -1.680000000000000382, 0.5000000000000000000, -1.000000000000005773 ) ) ;
#2438 = PLANE ( 'NONE',  #955 ) ;
#2439 = CARTESIAN_POINT ( 'NONE',  ( 0.008399461548399152905, 1.041666666666666741, 0.9632374576505441377 ) ) ;
#2440 = CIRCLE ( 'NONE', #2766, 0.7249999999999999778 ) ;
#2441 = ORIENTED_EDGE ( 'NONE', *, *, #1789, .T. ) ;
#2442 = CARTESIAN_POINT ( 'NONE',  ( -0.1499999999999999667, 0.9000000000000002442, -2.168404344971008868E-16 ) ) ;
#2443 = CARTESIAN_POINT ( 'NONE',  ( -0.1500000000000001332, 0.9333333333333333481, 0.8499999999999996447 ) ) ;
#2444 = LINE ( 'NONE', #1595, #2455 ) ;
#2445 = ORIENTED_EDGE ( 'NONE', *, *, #406, .F. ) ;
#2446 = DIRECTION ( 'NONE',  ( 0.000000000000000000, 0.000000000000000000, -1.000000000000000000 ) ) ;
#2447 = CARTESIAN_POINT ( 'NONE',  ( -1.203223304703363361, 0.5000000000000000000, 1.476776695296638131 ) ) ;
#2448 = ADVANCED_FACE ( 'NONE', ( #454 ), #1566, .T. ) ;
#2449 = CARTESIAN_POINT ( 'NONE',  ( 1.350000000000000533, 0.1000000000000000056, -0.3905124837953306005 ) ) ;
#2450 = VECTOR ( 'NONE', #2838, 1000.000000000000000 ) ;
#2451 = CARTESIAN_POINT ( 'NONE',  ( -0.5250000000000004663, 1.000000000000000000, 2.159934015498465865E-16 ) ) ;
#2452 = EDGE_CURVE ( 'NONE', #3162, #2265, #1527, .T. ) ;
#2453 = CARTESIAN_POINT ( 'NONE',  ( -1.680000000000000382, 0.000000000000000000, 0.8000000000000002665 ) ) ;
#2454 = DIRECTION ( 'NONE',  ( 0.000000000000000000, 0.000000000000000000, -1.000000000000000000 ) ) ;
#2455 = VECTOR ( 'NONE', #2848, 1000.000000000000000 ) ;
#2456 = DIRECTION ( 'NONE',  ( 0.000000000000000000, 1.000000000000000000, 0.000000000000000000 ) ) ;
#2457 = ORIENTED_EDGE ( 'NONE', *, *, #1803, .T. ) ;
#2458 = ADVANCED_FACE ( 'NONE', ( #2680 ), #2637, .T. ) ;
#2459 = CARTESIAN_POINT ( 'NONE',  ( 0.07500000000000009437, 1.052900082822172179, 0.6473393280486787749 ) ) ;
#2460 = DIRECTION ( 'NONE',  ( 1.445602896647338522E-15, 0.000000000000000000, 1.000000000000000000 ) ) ;
#2461 = FACE_OUTER_BOUND ( 'NONE', #2779, .T. ) ;
#2462 = ORIENTED_EDGE ( 'NONE', *, *, #1213, .F. ) ;
#2463 = CARTESIAN_POINT ( 'NONE',  ( 1.177591804735174996, 0.9999999999999991118, -0.8000000000000000444 ) ) ;
#2464 = DIRECTION ( 'NONE',  ( 0.000000000000000000, 0.000000000000000000, 1.000000000000000000 ) ) ;
#2465 = DIRECTION ( 'NONE',  ( -3.097720492815725193E-16, 0.000000000000000000, -1.000000000000000000 ) ) ;
#2466 = VECTOR ( 'NONE', #3075, 1000.000000000000000 ) ;
#2467 = AXIS2_PLACEMENT_3D ( 'NONE', #2663, #114, #1759 ) ;
#2468 = DIRECTION ( 'NONE',  ( 3.097720492815724700E-16, 0.000000000000000000, 1.000000000000000000 ) ) ;
#2469 = CIRCLE ( 'NONE', #348, 0.7249999999999999778 ) ;
#2470 = VERTEX_POINT ( 'NONE', #2877 ) ;
#2471 = AXIS2_PLACEMENT_3D ( 'NONE', #178, #1231, #999 ) ;
#2472 = ADVANCED_FACE ( 'NONE', ( #458 ), #2687, .T. ) ;
#2473 = EDGE_LOOP ( 'NONE', ( #2462, #820, #1916, #3045, #1865, #648, #210, #88, #3069, #867, #1862, #630 ) ) ;
#2474 = PLANE ( 'NONE',  #2615 ) ;
#2475 = DIRECTION ( 'NONE',  ( -1.000000000000000000, 0.000000000000000000, 0.000000000000000000 ) ) ;
#2476 = CARTESIAN_POINT ( 'NONE',  ( -1.680000000000000382, 0.6420337307994701259, 0.4834450997597755095 ) ) ;
#2477 = EDGE_CURVE ( 'NONE', #1354, #3380, #382, .T. ) ;
#2478 = AXIS2_PLACEMENT_3D ( 'NONE', #1935, #137, #2161 ) ;
#2479 = CARTESIAN_POINT ( 'NONE',  ( -1.680000000000000382, 0.1199999999999999956, 0.3500000000000004219 ) ) ;
#2480 = ORIENTED_EDGE ( 'NONE', *, *, #526, .T. ) ;
#2481 = CARTESIAN_POINT ( 'NONE',  ( -0.5250000000000004663, 1.100000000000000089, 2.159934015498465865E-16 ) ) ;
#2482 = CARTESIAN_POINT ( 'NONE',  ( 1.167406373758381299, 1.072645279983744704, -0.7820253178817712092 ) ) ;
#2483 = CARTESIAN_POINT ( 'NONE',  ( -0.1500000000000000222, 0.8249999999999999556, 0.7249999999999997558 ) ) ;
#2484 = DIRECTION ( 'NONE',  ( -1.000000000000000000, 0.000000000000000000, 0.000000000000000000 ) ) ;
#2485 = EDGE_LOOP ( 'NONE', ( #1108, #1000, #2123, #2175, #1068, #3376 ) ) ;
#2486 = DIRECTION ( 'NONE',  ( 0.000000000000000000, 1.000000000000000000, 0.000000000000000000 ) ) ;
#2487 = DIRECTION ( 'NONE',  ( -1.000000000000000000, 0.000000000000000000, 7.744301232039322598E-16 ) ) ;
#2488 = DIRECTION ( 'NONE',  ( 1.000000000000000000, 0.000000000000000000, -3.097720492815724700E-16 ) ) ;
#2489 = ORIENTED_EDGE ( 'NONE', *, *, #759, .F. ) ;
#2490 = CARTESIAN_POINT ( 'NONE',  ( -0.2199278861808487695, 0.9333333333333333481, 0.8480956387921729789 ) ) ;
#2491 = AXIS2_PLACEMENT_3D ( 'NONE', #2676, #527, #1871 ) ;
#2492 = CARTESIAN_POINT ( 'NONE',  ( 1.150000000000000355, 0.5000000000000000000, 1.550000000000000488 ) ) ;
#2493 = DIRECTION ( 'NONE',  ( 0.000000000000000000, 0.000000000000000000, 1.000000000000000000 ) ) ;
#2494 = DIRECTION ( 'NONE',  ( 0.000000000000000000, 1.000000000000000000, 0.000000000000000000 ) ) ;
#2495 = PLANE ( 'NONE',  #1126 ) ;
#2496 = CARTESIAN_POINT ( 'NONE',  ( 1.350000000000000311, 0.5000000000000000000, -0.3905124837953305450 ) ) ;
#2497 = ADVANCED_FACE ( 'NONE', ( #439 ), #1100, .F. ) ;
#2498 = EDGE_CURVE ( 'NONE', #2071, #942, #2705, .T. ) ;
#2499 = DIRECTION ( 'NONE',  ( -0.000000000000000000, -1.000000000000000000, -0.000000000000000000 ) ) ;
#2500 = DIRECTION ( 'NONE',  ( -0.000000000000000000, -0.000000000000000000, 1.000000000000000000 ) ) ;
#2501 = DIRECTION ( 'NONE',  ( 3.097720492815724700E-16, -0.000000000000000000, 1.000000000000000000 ) ) ;
#2502 = ADVANCED_FACE ( 'NONE', ( #1573 ), #403, .F. ) ;
#2503 = DIRECTION ( 'NONE',  ( 0.000000000000000000, 0.000000000000000000, 1.000000000000000000 ) ) ;
#2504 = ORIENTED_EDGE ( 'NONE', *, *, #2208, .T. ) ;
#2505 = DIRECTION ( 'NONE',  ( 0.000000000000000000, 1.000000000000000000, 0.000000000000000000 ) ) ;
#2506 = CARTESIAN_POINT ( 'NONE',  ( -0.1299930808902877433, 0.8249999999999999556, 0.7249999999999997558 ) ) ;
#2507 = CARTESIAN_POINT ( 'NONE',  ( -0.2880918382729635296, 0.9333333333333333481, 0.8397454759004742142 ) ) ;
#2508 = CARTESIAN_POINT ( 'NONE',  ( -1.680000000000000382, 0.1199999999999998845, -0.3986414024769028841 ) ) ;
#2509 = EDGE_LOOP ( 'NONE', ( #3099, #1378, #1978, #857, #1350, #3085, #2379 ) ) ;
#2510 = CARTESIAN_POINT ( 'NONE',  ( -0.3749999999999998890, 1.100000000000000089, 0.5291502622129178324 ) ) ;
#2511 = B_SPLINE_SURFACE_WITH_KNOTS ( 'NONE', 3, 3, ( 
 ( #2406, #360, #604, #899 ),
 ( #2634, #1178, #1944, #1449 ),
 ( #2698, #2996, #927, #1198 ),
 ( #1678, #1564, #800, #1241 ),
 ( #2892, #774, #1003, #3392 ),
 ( #1071, #2624, #2560, #1999 ),
 ( #268, #1259, #3079, #1861 ),
 ( #1493, #708, #2026, #1509 ),
 ( #1318, #2052, #418, #1468 ),
 ( #678, #2295, #2131, #2316 ),
 ( #55, #1762, #1839, #2794 ),
 ( #2396, #1090, #1702, #2872 ),
 ( #976, #2111, #1735, #953 ),
 ( #3104, #3199, #2536, #3364 ),
 ( #169, #2767, #212, #396 ),
 ( #438, #2270, #3171, #487 ),
 ( #651, #1220, #2368, #2506 ),
 ( #2610, #2740, #292, #516 ) ),
 .UNSPECIFIED., .T., .F., .F.,
 ( 4, 1, 1, 1, 1, 2, 2, 2, 1, 1, 1, 1, 4 ),
 ( 4, 4 ),
 ( 0.000000000000000000, 0.01249999999999995559, 0.02499999999999991118, 0.03750000000000008882, 0.05000000000000004441, 0.2500000000000000000, 0.5000000000000000000, 0.7500000000000000000, 0.9499999999999999556, 0.9625000000000000222, 0.9749999999999999778, 0.9875000000000000444, 1.000000000000000000 ),
 ( 0.000000000000000000, 1.000000000000000000 ),
 .UNSPECIFIED. ) ;
#2512 = DIRECTION ( 'NONE',  ( 0.000000000000000000, 0.000000000000000000, 1.000000000000000000 ) ) ;
#2513 = DIRECTION ( 'NONE',  ( 0.000000000000000000, 0.000000000000000000, -1.000000000000000000 ) ) ;
#2514 = ORIENTED_EDGE ( 'NONE', *, *, #338, .T. ) ;
#2515 = FACE_OUTER_BOUND ( 'NONE', #1366, .T. ) ;
#2516 = CARTESIAN_POINT ( 'NONE',  ( 1.750000000000000000, 0.5500000000000000444, 0.3500000000000004774 ) ) ;
#2517 = CARTESIAN_POINT ( 'NONE',  ( -0.5250000000000004663, 1.000000000000000000, 2.159934015498465865E-16 ) ) ;
#2518 = EDGE_LOOP ( 'NONE', ( #2414, #256, #1897, #3275 ) ) ;
#2519 = CARTESIAN_POINT ( 'NONE',  ( -1.680000000000000382, 1.769242250247064163, 0.4834450997597750654 ) ) ;
#2520 = AXIS2_PLACEMENT_3D ( 'NONE', #1352, #1583, #2959 ) ;
#2521 = DIRECTION ( 'NONE',  ( 0.7071067811865489050, 0.000000000000000000, 0.7071067811865461294 ) ) ;
#2522 = LINE ( 'NONE', #2109, #1489 ) ;
#2523 = CARTESIAN_POINT ( 'NONE',  ( -0.3749999999999998890, 0.9000000000000001332, 0.7500000000000001110 ) ) ;
#2524 = CARTESIAN_POINT ( 'NONE',  ( 1.600000000000000089, 0.5499999999999999334, 0.3500000000000005329 ) ) ;
#2525 = PLANE ( 'NONE',  #930 ) ;
#2526 = ORIENTED_EDGE ( 'NONE', *, *, #2893, .T. ) ;
#2527 = ADVANCED_FACE ( 'NONE', ( #1576 ), #1214, .T. ) ;
#2528 = DIRECTION ( 'NONE',  ( 0.000000000000000000, 1.000000000000000000, 0.000000000000000000 ) ) ;
#2529 = ORIENTED_EDGE ( 'NONE', *, *, #2066, .T. ) ;
#2530 = EDGE_LOOP ( 'NONE', ( #3377, #1064, #2162, #2121 ) ) ;
#2531 = LINE ( 'NONE', #1177, #316 ) ;
#2532 = CARTESIAN_POINT ( 'NONE',  ( -0.1499999999999999667, 0.8249999999999999556, -2.168404344971008868E-16 ) ) ;
#2533 = ORIENTED_EDGE ( 'NONE', *, *, #2768, .F. ) ;
#2534 = ORIENTED_EDGE ( 'NONE', *, *, #2094, .T. ) ;
#2535 = DIRECTION ( 'NONE',  ( 0.000000000000000000, -0.000000000000000000, 1.000000000000000000 ) ) ;
#2536 = CARTESIAN_POINT ( 'NONE',  ( 0.05449303252499497485, 0.9333333333333333481, 0.8261211544723391365 ) ) ;
#2537 = VERTEX_POINT ( 'NONE', #2483 ) ;
#2538 = VECTOR ( 'NONE', #3321, 1000.000000000000000 ) ;
#2539 = EDGE_CURVE ( 'NONE', #2967, #3009, #1578, .T. ) ;
#2540 = DIRECTION ( 'NONE',  ( 0.000000000000000000, 0.000000000000000000, -1.000000000000000000 ) ) ;
#2541 = ORIENTED_EDGE ( 'NONE', *, *, #1266, .T. ) ;
#2542 = CARTESIAN_POINT ( 'NONE',  ( 1.313414877710890938, 1.149984605174368513, 0.6521490022633428252 ) ) ;
#2543 = EDGE_LOOP ( 'NONE', ( #787, #2441, #2457, #749 ) ) ;
#2544 = FACE_OUTER_BOUND ( 'NONE', #1997, .T. ) ;
#2545 = DIRECTION ( 'NONE',  ( 0.000000000000000000, -0.000000000000000000, 1.000000000000000000 ) ) ;
#2546 = CARTESIAN_POINT ( 'NONE',  ( 1.350000000000000311, 0.5000000000000000000, 1.550000000000000488 ) ) ;
#2547 = VERTEX_POINT ( 'NONE', #1462 ) ;
#2548 = EDGE_LOOP ( 'NONE', ( #3322, #1049, #3326, #2942, #2118 ) ) ;
#2549 = AXIS2_PLACEMENT_3D ( 'NONE', #1111, #824, #1066 ) ;
#2550 = CARTESIAN_POINT ( 'NONE',  ( 1.385802678776115515, 1.095775226971865246, -0.7664019778914031855 ) ) ;
#2551 = ORIENTED_EDGE ( 'NONE', *, *, #1103, .F. ) ;
#2552 = ORIENTED_EDGE ( 'NONE', *, *, #2592, .T. ) ;
#2553 = PRESENTATION_LAYER_ASSIGNMENT (  '', '', ( #1766 ) ) ;
#2554 = DIRECTION ( 'NONE',  ( -0.7071067811865461294, 0.000000000000000000, 0.7071067811865489050 ) ) ;
#2555 = PRESENTATION_STYLE_ASSIGNMENT (( #1089 ) ) ;
#2556 = ADVANCED_FACE ( 'NONE', ( #453 ), #524, .T. ) ;
#2557 = DIRECTION ( 'NONE',  ( 0.000000000000000000, -0.000000000000000000, 1.000000000000000000 ) ) ;
#2558 = ORIENTED_EDGE ( 'NONE', *, *, #1981, .T. ) ;
#2559 = PLANE ( 'NONE',  #116 ) ;
#2560 = CARTESIAN_POINT ( 'NONE',  ( -0.7410068757355521285, 0.9333333333333333481, 0.7140470499460435105 ) ) ;
#2561 = ORIENTED_EDGE ( 'NONE', *, *, #2325, .F. ) ;
#2562 = CARTESIAN_POINT ( 'NONE',  ( -0.1734563879217317917, 0.9333333333333333481, 0.8499999999999996447 ) ) ;
#2563 = CARTESIAN_POINT ( 'NONE',  ( 1.406438241627338215, 0.9999999999999991118, -0.8000000000000000444 ) ) ;
#2564 = EDGE_CURVE ( 'NONE', #1983, #1870, #556, .T. ) ;
#2565 = FILL_AREA_STYLE_COLOUR ( '', #2082 ) ;
#2566 = ADVANCED_FACE ( 'NONE', ( #1736 ), #3066, .F. ) ;
#2567 = VECTOR ( 'NONE', #2130, 1000.000000000000000 ) ;
#2568 = CARTESIAN_POINT ( 'NONE',  ( 1.564642819948224961, 0.7000000000000000666, 0.3500000000000005329 ) ) ;
#2569 = DIRECTION ( 'NONE',  ( -0.000000000000000000, -1.000000000000000000, -0.000000000000000000 ) ) ;
#2570 = FILL_AREA_STYLE ('',( #1340 ) ) ;
#2571 = CARTESIAN_POINT ( 'NONE',  ( 1.749999999999999778, 0.5500000000000000444, -0.3500000000000000333 ) ) ;
#2572 = VECTOR ( 'NONE', #799, 1000.000000000000000 ) ;
#2573 = ADVANCED_FACE ( 'NONE', ( #500 ), #1630, .F. ) ;
#2574 = AXIS2_PLACEMENT_3D ( 'NONE', #50, #2619, #65 ) ;
#2575 = CARTESIAN_POINT ( 'NONE',  ( -0.7410068757355521285, 0.9333333333333333481, 0.7140470499460435105 ) ) ;
#2576 = DIRECTION ( 'NONE',  ( -0.000000000000000000, -1.000000000000000000, -0.000000000000000000 ) ) ;
#2577 = DIRECTION ( 'NONE',  ( -2.710505431213760099E-16, 0.000000000000000000, -1.000000000000000000 ) ) ;
#2578 = TOROIDAL_SURFACE ( 'NONE', #311, 1.399999999999999467, 0.1499999999999999944 ) ;
#2579 = EDGE_CURVE ( 'NONE', #3201, #2760, #483, .T. ) ;
#2580 = DIRECTION ( 'NONE',  ( 0.000000000000000000, 0.000000000000000000, -1.000000000000000000 ) ) ;
#2581 = CARTESIAN_POINT ( 'NONE',  ( -0.3749999999999998890, 1.100000000000000089, -0.5291502622129182765 ) ) ;
#2582 = PRESENTATION_LAYER_ASSIGNMENT (  '', '', ( #3102 ) ) ;
#2583 = EDGE_CURVE ( 'NONE', #49, #10, #1696, .T. ) ;
#2584 = FACE_OUTER_BOUND ( 'NONE', #1122, .T. ) ;
#2585 = ORIENTED_EDGE ( 'NONE', *, *, #456, .T. ) ;
#2586 = CARTESIAN_POINT ( 'NONE',  ( -1.636066017177981946, 0.000000000000000000, -1.043933982822023765 ) ) ;
#2587 = DIRECTION ( 'NONE',  ( 0.000000000000000000, 1.000000000000000000, 0.000000000000000000 ) ) ;
#2588 = LINE ( 'NONE', #1114, #366 ) ;
#2589 = DIRECTION ( 'NONE',  ( 0.000000000000000000, -1.000000000000000000, 0.000000000000000000 ) ) ;
#2590 = ORIENTED_EDGE ( 'NONE', *, *, #313, .T. ) ;
#2591 = CARTESIAN_POINT ( 'NONE',  ( 0.9500000000000000666, 1.149999999999999911, 0.4856852087323277889 ) ) ;
#2592 = EDGE_CURVE ( 'NONE', #1291, #3152, #2841, .T. ) ;
#2593 = LINE ( 'NONE', #422, #1413 ) ;
#2594 = CARTESIAN_POINT ( 'NONE',  ( -1.680000000000000382, 0.000000000000000000, 0.3499999999999999778 ) ) ;
#2595 = ORIENTED_EDGE ( 'NONE', *, *, #1483, .F. ) ;
#2596 = LINE ( 'NONE', #530, #345 ) ;
#2597 = PLANE ( 'NONE',  #83 ) ;
#2598 = CARTESIAN_POINT ( 'NONE',  ( 1.312019151721346866, 1.149999999999999911, -0.6499999999999955813 ) ) ;
#2599 = EDGE_CURVE ( 'NONE', #1263, #719, #515, .T. ) ;
#2600 = ORIENTED_EDGE ( 'NONE', *, *, #1671, .T. ) ;
#2601 = CIRCLE ( 'NONE', #2471, 0.04864140247690286467 ) ;
#2602 = CARTESIAN_POINT ( 'NONE',  ( 1.162761290707243766, 1.084558130768930262, 0.7738948042529004701 ) ) ;
#2603 = CARTESIAN_POINT ( 'NONE',  ( 1.669999999999999929, 0.000000000000000000, -1.094569845291555283E-15 ) ) ;
#2604 = VECTOR ( 'NONE', #1249, 1000.000000000000000 ) ;
#2605 = CARTESIAN_POINT ( 'NONE',  ( 0.07500000000000009437, 1.100000000000000311, -0.5701297931856283974 ) ) ;
#2606 = EDGE_CURVE ( 'NONE', #19, #2086, #481, .T. ) ;
#2607 = AXIS2_PLACEMENT_3D ( 'NONE', #3373, #235, #2876 ) ;
#2608 = ORIENTED_EDGE ( 'NONE', *, *, #219, .T. ) ;
#2609 = CARTESIAN_POINT ( 'NONE',  ( -1.680000000000000382, 1.769242250247064163, -0.4834450997597750654 ) ) ;
#2610 = CARTESIAN_POINT ( 'NONE',  ( -0.1500000000000001887, 1.149999999999999911, 1.099999999999999867 ) ) ;
#2611 = VERTEX_POINT ( 'NONE', #2668 ) ;
#2612 = DIRECTION ( 'NONE',  ( 0.000000000000000000, 0.000000000000000000, -1.000000000000000000 ) ) ;
#2613 = DIRECTION ( 'NONE',  ( -0.000000000000000000, -1.000000000000000000, -0.000000000000000000 ) ) ;
#2614 = CARTESIAN_POINT ( 'NONE',  ( -0.1500000000000001887, 1.041666666666666741, 0.9749999999999997558 ) ) ;
#2615 = AXIS2_PLACEMENT_3D ( 'NONE', #961, #1476, #3342 ) ;
#2616 = ADVANCED_FACE ( 'NONE', ( #1624 ), #1912, .F. ) ;
#2617 = FACE_OUTER_BOUND ( 'NONE', #334, .T. ) ;
#2618 = ORIENTED_EDGE ( 'NONE', *, *, #1580, .F. ) ;
#2619 = DIRECTION ( 'NONE',  ( 0.000000000000000000, -1.000000000000000000, -0.000000000000000000 ) ) ;
#2620 = FACE_OUTER_BOUND ( 'NONE', #2378, .T. ) ;
#2621 = CARTESIAN_POINT ( 'NONE',  ( -1.680000000000000382, 0.5000000000000000000, 0.4834450997597755095 ) ) ;
#2622 = ORIENTED_EDGE ( 'NONE', *, *, #3231, .T. ) ;
#2623 = CARTESIAN_POINT ( 'NONE',  ( -1.680000000000000382, 0.1199999999999998845, 0.8000000000000002665 ) ) ;
#2624 = CARTESIAN_POINT ( 'NONE',  ( -0.8279196515790158140, 1.041666666666666741, 0.8190539690557557817 ) ) ;
#2625 = VECTOR ( 'NONE', #3207, 1000.000000000000114 ) ;
#2626 = DIRECTION ( 'NONE',  ( -0.000000000000000000, -1.000000000000000000, -0.000000000000000000 ) ) ;
#2627 = CARTESIAN_POINT ( 'NONE',  ( 1.350000000000000533, 0.1000000000000000056, -3.659182332138577465E-16 ) ) ;
#2628 = VECTOR ( 'NONE', #497, 1000.000000000000000 ) ;
#2629 = CARTESIAN_POINT ( 'NONE',  ( -0.3749999999999998890, 0.9910712974349439319, 0.6892024376045767786 ) ) ;
#2630 = ORIENTED_EDGE ( 'NONE', *, *, #2223, .F. ) ;
#2631 = EDGE_CURVE ( 'NONE', #991, #161, #1635, .T. ) ;
#2632 = ADVANCED_FACE ( 'NONE', ( #1710 ), #3251, .T. ) ;
#2633 = EDGE_LOOP ( 'NONE', ( #6, #2169, #3088 ) ) ;
#2634 = CARTESIAN_POINT ( 'NONE',  ( -0.1803553255457705784, 1.149999999999999911, 1.099999999999999867 ) ) ;
#2635 = DIRECTION ( 'NONE',  ( 1.000000000000000000, 0.000000000000000000, -3.097720492815724700E-16 ) ) ;
#2636 = ORIENTED_EDGE ( 'NONE', *, *, #932, .T. ) ;
#2637 = CYLINDRICAL_SURFACE ( 'NONE', #2318, 0.2500000000000000000 ) ;
#2638 = DIRECTION ( 'NONE',  ( -7.744301232039322598E-16, 0.000000000000000000, -1.000000000000000000 ) ) ;
#2639 = EDGE_CURVE ( 'NONE', #3282, #1382, #486, .T. ) ;
#2640 = AXIS2_PLACEMENT_3D ( 'NONE', #3205, #890, #1171 ) ;
#2641 = EDGE_LOOP ( 'NONE', ( #740, #1832, #319, #1698 ) ) ;
#2642 = CARTESIAN_POINT ( 'NONE',  ( -0.1499999999999999667, 0.5000000000000000000, -2.168404344971008868E-16 ) ) ;
#2643 = DIRECTION ( 'NONE',  ( -0.000000000000000000, -1.000000000000000000, 0.000000000000000000 ) ) ;
#2644 = CARTESIAN_POINT ( 'NONE',  ( 0.1146380420911699283, 1.149999999999999911, 1.069097964611262830 ) ) ;
#2645 = VECTOR ( 'NONE', #41, 1000.000000000000000 ) ;
#2646 = EDGE_CURVE ( 'NONE', #1107, #1420, #2864, .T. ) ;
#2647 = AXIS2_PLACEMENT_3D ( 'NONE', #663, #1686, #2671 ) ;
#2648 = EDGE_LOOP ( 'NONE', ( #2963, #3004, #2541, #2753 ) ) ;
#2649 = CARTESIAN_POINT ( 'NONE',  ( -1.750000000000000222, 0.000000000000000000, -0.3499999999999999778 ) ) ;
#2650 = AXIS2_PLACEMENT_3D ( 'NONE', #1884, #2159, #1284 ) ;
#2651 = DIRECTION ( 'NONE',  ( 0.000000000000000000, 0.000000000000000000, 1.000000000000000000 ) ) ;
#2652 = ORIENTED_EDGE ( 'NONE', *, *, #1524, .T. ) ;
#2653 = AXIS2_PLACEMENT_3D ( 'NONE', #3157, #3208, #2465 ) ;
#2654 = DIRECTION ( 'NONE',  ( 0.000000000000000000, -1.000000000000000000, -0.000000000000000000 ) ) ;
#2655 = CARTESIAN_POINT ( 'NONE',  ( 1.599999999999999867, 0.000000000000000000, -4.956352788505159323E-16 ) ) ;
#2656 = EDGE_LOOP ( 'NONE', ( #2889, #3159, #1544 ) ) ;
#2657 = LINE ( 'NONE', #1351, #419 ) ;
#2658 = STYLED_ITEM ( 'NONE', ( #3055 ), #3278 ) ;
#2659 = PLANE ( 'NONE',  #2549 ) ;
#2660 = DIRECTION ( 'NONE',  ( 0.000000000000000000, 0.000000000000000000, 1.000000000000000000 ) ) ;
#2661 = CARTESIAN_POINT ( 'NONE',  ( -1.680000000000000382, 0.6420337307994701259, -0.4834450997597750654 ) ) ;
#2662 = EDGE_CURVE ( 'NONE', #1269, #238, #2750, .T. ) ;
#2663 = CARTESIAN_POINT ( 'NONE',  ( -0.1499999999999999667, 0.5000000000000000000, -2.168404344971008868E-16 ) ) ;
#2664 = ADVANCED_FACE ( 'NONE', ( #2729 ), #2769, .T. ) ;
#2665 = PLANE ( 'NONE',  #3200 ) ;
#2666 = CARTESIAN_POINT ( 'NONE',  ( 1.111611848040963801, 1.146613571488564798, -0.6860494266131403895 ) ) ;
#2667 = CIRCLE ( 'NONE', #2714, 0.1499999999999999667 ) ;
#2668 = CARTESIAN_POINT ( 'NONE',  ( -1.350000000000000089, 0.000000000000000000, 0.8000000000000002665 ) ) ;
#2669 = CARTESIAN_POINT ( 'NONE',  ( 1.324871073572130964, 1.149731748466122916, -0.6697965469862254828 ) ) ;
#2670 = CARTESIAN_POINT ( 'NONE',  ( -0.3749999999999998890, 1.100000000000000089, -0.5291502622129182765 ) ) ;
#2671 = DIRECTION ( 'NONE',  ( 1.000000000000000000, 0.000000000000000000, -0.000000000000000000 ) ) ;
#2672 = CARTESIAN_POINT ( 'NONE',  ( 0.000000000000000000, 0.5000000000000000000, 0.000000000000000000 ) ) ;
#2673 = CARTESIAN_POINT ( 'NONE',  ( 1.350000000000000533, 0.000000000000000000, -3.659182332138577465E-16 ) ) ;
#2674 = FACE_OUTER_BOUND ( 'NONE', #810, .T. ) ;
#2675 = DIRECTION ( 'NONE',  ( 0.000000000000000000, 0.000000000000000000, 1.000000000000000000 ) ) ;
#2676 = CARTESIAN_POINT ( 'NONE',  ( 1.150000000000000133, 0.5000000000000000000, -1.349999999999999867 ) ) ;
#2677 = EDGE_CURVE ( 'NONE', #81, #778, #549, .T. ) ;
#2678 = AXIS2_PLACEMENT_3D ( 'NONE', #898, #2412, #1047 ) ;
#2679 = CARTESIAN_POINT ( 'NONE',  ( 1.402359584374013091, 1.044243927037139530, -0.7933264627357149434 ) ) ;
#2680 = FACE_OUTER_BOUND ( 'NONE', #3021, .T. ) ;
#2681 = DIRECTION ( 'NONE',  ( 0.000000000000000000, 1.000000000000000000, -0.000000000000000000 ) ) ;
#2682 = DIRECTION ( 'NONE',  ( 0.000000000000000000, 0.000000000000000000, 1.000000000000000000 ) ) ;
#2683 = CARTESIAN_POINT ( 'NONE',  ( 0.000000000000000000, 1.000000000000000000, 0.000000000000000000 ) ) ;
#2684 = DIRECTION ( 'NONE',  ( -0.8191520442889907994, 0.000000000000000000, -0.5735764363510476027 ) ) ;
#2685 = CARTESIAN_POINT ( 'NONE',  ( -1.680000000000000382, 0.1199999999999998845, -0.4834450997597750654 ) ) ;
#2686 = CARTESIAN_POINT ( 'NONE',  ( -1.530000000000000249, 0.000000000000000000, 0.9378679656440416235 ) ) ;
#2687 = CYLINDRICAL_SURFACE ( 'NONE', #1976, 0.1499999999999999667 ) ;
#2688 = CARTESIAN_POINT ( 'NONE',  ( 1.750000000000000000, 0.1000000000000000056, 0.3500000000000004774 ) ) ;
#2689 = DIRECTION ( 'NONE',  ( -0.000000000000000000, 1.000000000000000000, 0.000000000000000000 ) ) ;
#2690 = CARTESIAN_POINT ( 'NONE',  ( 1.312019151721346866, 1.149999999999999911, -0.6499999999999955813 ) ) ;
#2691 = DIRECTION ( 'NONE',  ( 0.000000000000000000, 0.000000000000000000, -1.000000000000000000 ) ) ;
#2692 = EDGE_CURVE ( 'NONE', #2071, #518, #2812, .T. ) ;
#2693 = ADVANCED_FACE ( 'NONE', ( #2796 ), #2384, .F. ) ;
#2694 = DIRECTION ( 'NONE',  ( 0.000000000000000000, 0.000000000000000000, 1.000000000000000000 ) ) ;
#2695 = CARTESIAN_POINT ( 'NONE',  ( 1.406438241627337771, 0.1000000000000000472, 0.8000000000000005995 ) ) ;
#2696 = VECTOR ( 'NONE', #1270, 1000.000000000000000 ) ;
#2697 = CARTESIAN_POINT ( 'NONE',  ( -0.1499999999999999667, 0.9500000000000002887, -2.168404344971008868E-16 ) ) ;
#2698 = CARTESIAN_POINT ( 'NONE',  ( -0.2404949115281573291, 1.149999999999999911, 1.097535532554577031 ) ) ;
#2699 = VECTOR ( 'NONE', #1962, 1000.000000000000000 ) ;
#2700 = DIRECTION ( 'NONE',  ( 0.000000000000000000, 0.000000000000000000, 1.000000000000000000 ) ) ;
#2701 = PLANE ( 'NONE',  #3181 ) ;
#2702 = DIRECTION ( 'NONE',  ( -3.252606517456511724E-15, 0.000000000000000000, 1.000000000000000000 ) ) ;
#2703 = DIRECTION ( 'NONE',  ( -0.000000000000000000, -1.000000000000000000, -0.000000000000000000 ) ) ;
#2704 = MANIFOLD_SOLID_BREP ( 'Fillet7', #1939 ) ;
#2705 = CIRCLE ( 'NONE', #2894, 1.750000000000000222 ) ;
#2706 = DIRECTION ( 'NONE',  ( 0.000000000000000000, 0.000000000000000000, -1.000000000000000000 ) ) ;
#2707 = DIRECTION ( 'NONE',  ( -0.000000000000000000, -1.000000000000000000, -0.000000000000000000 ) ) ;
#2708 = CARTESIAN_POINT ( 'NONE',  ( 1.157888084360763070, 1.097056030034011531, -0.7653649953818482121 ) ) ;
#2709 = VECTOR ( 'NONE', #2057, 1000.000000000000000 ) ;
#2710 = EDGE_CURVE ( 'NONE', #400, #2214, #1687, .T. ) ;
#2711 = CARTESIAN_POINT ( 'NONE',  ( -1.203223304703363139, 0.5000000000000000000, -1.476776695296637687 ) ) ;
#2712 = CARTESIAN_POINT ( 'NONE',  ( 1.312484402113935689, 1.149999999999999911, -0.6507163470152370621 ) ) ;
#2713 = PLANE ( 'NONE',  #599 ) ;
#2714 = AXIS2_PLACEMENT_3D ( 'NONE', #174, #2475, #236 ) ;
#2715 = LINE ( 'NONE', #2322, #1541 ) ;
#2716 = LINE ( 'NONE', #3279, #1617 ) ;
#2717 = AXIS2_PLACEMENT_3D ( 'NONE', #971, #374, #393 ) ;
#2718 = PLANE ( 'NONE',  #368 ) ;
#2719 = DIRECTION ( 'NONE',  ( 0.000000000000000000, -0.000000000000000000, 1.000000000000000000 ) ) ;
#2720 = ADVANCED_FACE ( 'NONE', ( #582 ), #2790, .T. ) ;
#2721 = EDGE_CURVE ( 'NONE', #314, #2611, #528, .T. ) ;
#2722 = EDGE_CURVE ( 'NONE', #164, #843, #2733, .T. ) ;
#2723 = VECTOR ( 'NONE', #1660, 1000.000000000000227 ) ;
#2724 = LINE ( 'NONE', #1358, #619 ) ;
#2725 = PLANE ( 'NONE',  #773 ) ;
#2726 = DIRECTION ( 'NONE',  ( 0.000000000000000000, -1.000000000000000000, 0.000000000000000000 ) ) ;
#2727 = CARTESIAN_POINT ( 'NONE',  ( 0.9001520239938711754, 0.1000000000000000056, -0.6302932327352410713 ) ) ;
#2728 = UNCERTAINTY_MEASURE_WITH_UNIT (LENGTH_MEASURE( 1.000000000000000082E-05 ), #3198, 'distance_accuracy_value', 'NONE');
#2729 = FACE_OUTER_BOUND ( 'NONE', #2009, .T. ) ;
#2730 = DIRECTION ( 'NONE',  ( 0.000000000000000000, -1.000000000000000000, 0.000000000000000000 ) ) ;
#2731 = CARTESIAN_POINT ( 'NONE',  ( -0.1499999999999999667, 1.000000000000000000, -2.168404344971008868E-16 ) ) ;
#2732 = CARTESIAN_POINT ( 'NONE',  ( -1.680000000000000382, 0.000000000000000000, 1.000000000000006439 ) ) ;
#2733 = LINE ( 'NONE', #281, #2804 ) ;
#2734 = FACE_OUTER_BOUND ( 'NONE', #380, .T. ) ;
#2735 = CARTESIAN_POINT ( 'NONE',  ( -0.1499999999999999667, 1.100000000000000089, -2.168404344971008868E-16 ) ) ;
#2736 = CIRCLE ( 'NONE', #2717, 1.399999999999999467 ) ;
#2737 = ADVANCED_FACE ( 'NONE', ( #539 ), #27, .T. ) ;
#2738 = CARTESIAN_POINT ( 'NONE',  ( -0.1499999999999999667, 0.8249999999999999556, -2.168404344971008868E-16 ) ) ;
#2739 = EDGE_CURVE ( 'NONE', #3303, #1248, #1682, .T. ) ;
#2740 = CARTESIAN_POINT ( 'NONE',  ( -0.1500000000000001887, 1.041666666666666741, 0.9749999999999997558 ) ) ;
#2741 = LINE ( 'NONE', #503, #2994 ) ;
#2742 = VECTOR ( 'NONE', #2501, 1000.000000000000000 ) ;
#2743 = EDGE_LOOP ( 'NONE', ( #2833, #2194, #2038, #2177 ) ) ;
#2744 = DIRECTION ( 'NONE',  ( 0.000000000000000000, -1.000000000000000000, 0.000000000000000000 ) ) ;
#2745 = CARTESIAN_POINT ( 'NONE',  ( -1.900000000000000577, 0.5499999999999999334, -0.3499999999999989231 ) ) ;
#2746 = CARTESIAN_POINT ( 'NONE',  ( -1.640155295723961792, 1.769242250247064163, 0.4265409647687218309 ) ) ;
#2747 = ADVANCED_FACE ( 'NONE', ( #2835 ), #2821, .T. ) ;
#2748 = CARTESIAN_POINT ( 'NONE',  ( -0.1499999999999999667, 0.5000000000000000000, -2.168404344971008868E-16 ) ) ;
#2749 = CARTESIAN_POINT ( 'NONE',  ( -0.3749999999999998890, 0.9824996911551621137, -0.6863783117946065104 ) ) ;
#2750 = LINE ( 'NONE', #3040, #1616 ) ;
#2751 = FACE_OUTER_BOUND ( 'NONE', #816, .T. ) ;
#2752 = CARTESIAN_POINT ( 'NONE',  ( -1.680000000000000382, 0.1199999999999999956, -1.000000000000005773 ) ) ;
#2753 = ORIENTED_EDGE ( 'NONE', *, *, #584, .F. ) ;
#2754 = DIRECTION ( 'NONE',  ( -0.000000000000000000, -1.000000000000000000, -0.000000000000000000 ) ) ;
#2755 = EDGE_CURVE ( 'NONE', #2307, #166, #3144, .T. ) ;
#2756 = AXIS2_PLACEMENT_3D ( 'NONE', #343, #105, #1166 ) ;
#2757 = DIRECTION ( 'NONE',  ( 0.000000000000000000, 0.000000000000000000, -1.000000000000000000 ) ) ;
#2758 = LINE ( 'NONE', #2012, #2822 ) ;
#2759 = DIRECTION ( 'NONE',  ( 0.000000000000000000, 0.000000000000000000, -1.000000000000000000 ) ) ;
#2760 = VERTEX_POINT ( 'NONE', #2586 ) ;
#2761 = DIRECTION ( 'NONE',  ( -0.000000000000000000, -1.000000000000000000, -0.000000000000000000 ) ) ;
#2762 = CARTESIAN_POINT ( 'NONE',  ( 1.749999999999999778, 0.000000000000000000, -5.421010862427517240E-16 ) ) ;
#2763 = VECTOR ( 'NONE', #1695, 1000.000000000000000 ) ;
#2764 = ORIENTED_EDGE ( 'NONE', *, *, #252, .T. ) ;
#2765 = DIRECTION ( 'NONE',  ( 0.000000000000000000, -1.000000000000000000, 0.000000000000000000 ) ) ;
#2766 = AXIS2_PLACEMENT_3D ( 'NONE', #2532, #2486, #1700 ) ;
#2767 = CARTESIAN_POINT ( 'NONE',  ( 0.008399461548399152905, 1.041666666666666741, 0.9632374576505441377 ) ) ;
#2768 = EDGE_CURVE ( 'NONE', #3323, #709, #1610, .T. ) ;
#2769 = CYLINDRICAL_SURFACE ( 'NONE', #2801, 1.549999999999999600 ) ;
#2770 = VECTOR ( 'NONE', #1733, 1000.000000000000000 ) ;
#2771 = VERTEX_POINT ( 'NONE', #2866 ) ;
#2772 = DIRECTION ( 'NONE',  ( -0.000000000000000000, -1.000000000000000000, -0.000000000000000000 ) ) ;
#2773 = PLANE ( 'NONE',  #2908 ) ;
#2774 = AXIS2_PLACEMENT_3D ( 'NONE', #158, #2707, #1505 ) ;
#2775 = DIRECTION ( 'NONE',  ( 0.000000000000000000, 0.000000000000000000, 1.000000000000000000 ) ) ;
#2776 = DIRECTION ( 'NONE',  ( -0.5735764363510476027, 0.000000000000000000, 0.8191520442889907994 ) ) ;
#2777 = VECTOR ( 'NONE', #1672, 1000.000000000000000 ) ;
#2778 = LINE ( 'NONE', #2762, #1611 ) ;
#2779 = EDGE_LOOP ( 'NONE', ( #128, #1277, #143, #2792 ) ) ;
#2780 = CARTESIAN_POINT ( 'NONE',  ( -1.680000000000000382, 0.5000000000000000000, -1.000000000000005773 ) ) ;
#2781 = DIRECTION ( 'NONE',  ( 0.7071067811865489050, 0.000000000000000000, 0.7071067811865461294 ) ) ;
#2782 = EDGE_CURVE ( 'NONE', #1961, #3317, #2741, .T. ) ;
#2783 = DIRECTION ( 'NONE',  ( 0.7071067811865514585, 0.000000000000000000, 0.7071067811865435759 ) ) ;
#2784 = FACE_OUTER_BOUND ( 'NONE', #1257, .T. ) ;
#2785 = ORIENTED_EDGE ( 'NONE', *, *, #1667, .T. ) ;
#2786 = CARTESIAN_POINT ( 'NONE',  ( 1.599999999999999867, 0.6999999999999999556, -0.3499999999999999778 ) ) ;
#2787 = EDGE_CURVE ( 'NONE', #1758, #802, #680, .T. ) ;
#2788 = CARTESIAN_POINT ( 'NONE',  ( -0.1499999999999999667, 0.5000000000000000000, -2.168404344971008868E-16 ) ) ;
#2789 =( GEOMETRIC_REPRESENTATION_CONTEXT ( 3 ) GLOBAL_UNCERTAINTY_ASSIGNED_CONTEXT ( ( #3020 ) ) GLOBAL_UNIT_ASSIGNED_CONTEXT ( ( #1244, #3397, #2853 ) ) REPRESENTATION_CONTEXT ( 'NONE', 'WORKASPACE' ) );
#2790 = CYLINDRICAL_SURFACE ( 'NONE', #2574, 0.1500000000000000777 ) ;
#2791 = VECTOR ( 'NONE', #1460, 1000.000000000000000 ) ;
#2792 = ORIENTED_EDGE ( 'NONE', *, *, #1240, .T. ) ;
#2793 = CARTESIAN_POINT ( 'NONE',  ( 1.177591804735174996, 1.000000000000000000, 0.8000000000000000444 ) ) ;
#2794 = CARTESIAN_POINT ( 'NONE',  ( 0.5749999999999999556, 0.8249999999999999556, -0.4001383821942476882 ) ) ;
#2795 = ADVANCED_FACE ( 'NONE', ( #2882 ), #673, .F. ) ;
#2796 = FACE_OUTER_BOUND ( 'NONE', #2473, .T. ) ;
#2797 = EDGE_CURVE ( 'NONE', #778, #259, #1779, .T. ) ;
#2798 = LINE ( 'NONE', #1480, #558 ) ;
#2799 = VERTEX_POINT ( 'NONE', #870 ) ;
#2800 = DIRECTION ( 'NONE',  ( 1.000000000000000000, 0.000000000000000000, -2.710505431213760099E-16 ) ) ;
#2801 = AXIS2_PLACEMENT_3D ( 'NONE', #3327, #182, #671 ) ;
#2802 = DIRECTION ( 'NONE',  ( 0.000000000000000000, 1.000000000000000000, -0.000000000000000000 ) ) ;
#2803 = CARTESIAN_POINT ( 'NONE',  ( -0.3749999999999998890, 1.073179452755177454, -0.6210983909695302341 ) ) ;
#2804 = VECTOR ( 'NONE', #2329, 1000.000000000000000 ) ;
#2805 = FACE_OUTER_BOUND ( 'NONE', #2509, .T. ) ;
#2806 = EDGE_CURVE ( 'NONE', #802, #2470, #2895, .T. ) ;
#2807 = AXIS2_PLACEMENT_3D ( 'NONE', #1146, #390, #77 ) ;
#2808 = ORIENTED_EDGE ( 'NONE', *, *, #968, .F. ) ;
#2809 = CARTESIAN_POINT ( 'NONE',  ( -1.084202172485502092E-16, 0.1000000000000000056, -0.3499999999999995337 ) ) ;
#2810 = AXIS2_PLACEMENT_3D ( 'NONE', #1515, #60, #97 ) ;
#2811 = EDGE_CURVE ( 'NONE', #400, #778, #624, .T. ) ;
#2812 = LINE ( 'NONE', #2524, #1642 ) ;
#2813 = VECTOR ( 'NONE', #3357, 1000.000000000000000 ) ;
#2814 = CARTESIAN_POINT ( 'NONE',  ( 0.9001520239938732848, 0.1000000000000000056, 0.6302932327352409603 ) ) ;
#2815 = ORIENTED_EDGE ( 'NONE', *, *, #513, .T. ) ;
#2816 = ORIENTED_EDGE ( 'NONE', *, *, #2846, .T. ) ;
#2817 = DIRECTION ( 'NONE',  ( 0.000000000000000000, 0.000000000000000000, 1.000000000000000000 ) ) ;
#2818 = LINE ( 'NONE', #1964, #520 ) ;
#2819 = EDGE_LOOP ( 'NONE', ( #44, #1353, #498, #1632 ) ) ;
#2820 = CARTESIAN_POINT ( 'NONE',  ( -1.640155295723961792, 0.000000000000000000, 0.4265409647687218309 ) ) ;
#2821 = CYLINDRICAL_SURFACE ( 'NONE', #912, 0.2500000000000000000 ) ;
#2822 = VECTOR ( 'NONE', #3010, 1000.000000000000000 ) ;
#2823 = AXIS2_PLACEMENT_3D ( 'NONE', #943, #2259, #2062 ) ;
#2824 = ORIENTED_EDGE ( 'NONE', *, *, #2606, .F. ) ;
#2825 = VERTEX_POINT ( 'NONE', #2910 ) ;
#2826 = DIRECTION ( 'NONE',  ( -0.000000000000000000, -1.000000000000000000, -0.000000000000000000 ) ) ;
#2827 = CARTESIAN_POINT ( 'NONE',  ( -0.1499999999999999667, 1.149999999999999911, -0.6500000000000001332 ) ) ;
#2828 = CARTESIAN_POINT ( 'NONE',  ( -0.3749999999999998890, 1.027398601074213103, -0.6675663591167956268 ) ) ;
#2829 = VECTOR ( 'NONE', #2500, 1000.000000000000000 ) ;
#2830 = LINE ( 'NONE', #2786, #1679 ) ;
#2831 = AXIS2_PLACEMENT_3D ( 'NONE', #1150, #354, #1101 ) ;
#2832 = EDGE_LOOP ( 'NONE', ( #690, #2824, #570, #2551, #672, #1720, #3393, #2881, #2927, #1771, #2991, #1216 ) ) ;
#2833 = ORIENTED_EDGE ( 'NONE', *, *, #2755, .F. ) ;
#2834 = CARTESIAN_POINT ( 'NONE',  ( 1.679999999999999938, 0.1000000000000000056, -0.3499999999999999778 ) ) ;
#2835 = FACE_OUTER_BOUND ( 'NONE', #2298, .T. ) ;
#2836 = LINE ( 'NONE', #3091, #2770 ) ;
#2837 = DIRECTION ( 'NONE',  ( 0.000000000000000000, 1.000000000000000000, 0.000000000000000000 ) ) ;
#2838 = DIRECTION ( 'NONE',  ( 0.000000000000000000, -1.000000000000000000, 0.000000000000000000 ) ) ;
#2839 = ORIENTED_EDGE ( 'NONE', *, *, #1508, .F. ) ;
#2840 = EDGE_CURVE ( 'NONE', #2, #2003, #1811, .T. ) ;
#2841 = CIRCLE ( 'NONE', #1767, 0.2000000000000000944 ) ;
#2842 = TOROIDAL_SURFACE ( 'NONE', #692, 0.5749999999999999556, 0.1499999999999999944 ) ;
#2843 = VERTEX_POINT ( 'NONE', #1130 ) ;
#2844 = CARTESIAN_POINT ( 'NONE',  ( -1.130000000000000338, 0.5000000000000000000, -1.550000000000000044 ) ) ;
#2845 = EDGE_LOOP ( 'NONE', ( #997, #1180, #2764, #59 ) ) ;
#2846 = EDGE_CURVE ( 'NONE', #261, #2, #1836, .T. ) ;
#2847 = CARTESIAN_POINT ( 'NONE',  ( -0.1196446744542297852, 1.149999999999999911, 1.099999999999999867 ) ) ;
#2848 = DIRECTION ( 'NONE',  ( -1.000000000000000000, 0.000000000000000000, 0.000000000000000000 ) ) ;
#2849 = VECTOR ( 'NONE', #1521, 1000.000000000000000 ) ;
#2850 = LINE ( 'NONE', #2435, #576 ) ;
#2851 = ORIENTED_EDGE ( 'NONE', *, *, #470, .F. ) ;
#2852 = ORIENTED_EDGE ( 'NONE', *, *, #1924, .T. ) ;
#2853 =( NAMED_UNIT ( * ) SI_UNIT ( $, .STERADIAN. ) SOLID_ANGLE_UNIT ( ) );
#2854 = DIRECTION ( 'NONE',  ( -0.000000000000000000, -1.000000000000000000, -0.000000000000000000 ) ) ;
#2855 = EDGE_CURVE ( 'NONE', #990, #1354, #1763, .T. ) ;
#2856 = CARTESIAN_POINT ( 'NONE',  ( -1.680000000000000382, 1.769242250247064163, -0.7999999999999998224 ) ) ;
#2857 = DIRECTION ( 'NONE',  ( -3.097720492815725193E-16, 0.000000000000000000, -1.000000000000000000 ) ) ;
#2858 = FACE_OUTER_BOUND ( 'NONE', #1067, .T. ) ;
#2859 = ORIENTED_EDGE ( 'NONE', *, *, #2027, .T. ) ;
#2860 = EDGE_CURVE ( 'NONE', #314, #2222, #2868, .T. ) ;
#2861 = DIRECTION ( 'NONE',  ( -0.000000000000000000, -1.000000000000000000, -0.000000000000000000 ) ) ;
#2862 = B_SPLINE_CURVE_WITH_KNOTS ( 'NONE', 3,
 ( #2690, #2712, #3041, #1963, #2669, #621, #3304, #507, #2124, #103, #2306, #2550, #1109, #845, #577, #2679, #1065, #3369, #2563 ),
 .UNSPECIFIED., .F., .F.,
 ( 4, 3, 3, 3, 3, 3, 4 ),
 ( -2.562518051917268466E-06, 0.000000000000000000, 6.312446240443787425E-05, 0.0001168918853375834128, 0.0001640500630705854057, 0.0002088016117292965264, 0.0002537245556434359782 ),
 .UNSPECIFIED. ) ;
#2863 = ADVANCED_FACE ( 'NONE', ( #1804 ), #720, .T. ) ;
#2864 = CIRCLE ( 'NONE', #590, 0.5749999999999999556 ) ;
#2865 = VECTOR ( 'NONE', #580, 1000.000000000000000 ) ;
#2866 = CARTESIAN_POINT ( 'NONE',  ( -1.640155295723961792, 0.5000000000000000000, 0.4265409647687222749 ) ) ;
#2867 = ORIENTED_EDGE ( 'NONE', *, *, #1471, .T. ) ;
#2868 = LINE ( 'NONE', #145, #655 ) ;
#2869 = FACE_OUTER_BOUND ( 'NONE', #1236, .T. ) ;
#2870 = ORIENTED_EDGE ( 'NONE', *, *, #1134, .F. ) ;
#2871 = DIRECTION ( 'NONE',  ( -0.000000000000000000, -1.000000000000000000, -0.000000000000000000 ) ) ;
#2872 = CARTESIAN_POINT ( 'NONE',  ( 0.5749999999999999556, 0.8249999999999999556, 0.3201107057553977953 ) ) ;
#2873 = CARTESIAN_POINT ( 'NONE',  ( 0.4571065109154103245, 1.149999999999999911, -1.100000000000000311 ) ) ;
#2874 = LINE ( 'NONE', #101, #1837 ) ;
#2875 = ORIENTED_EDGE ( 'NONE', *, *, #310, .F. ) ;
#2876 = DIRECTION ( 'NONE',  ( 0.000000000000000000, 0.000000000000000000, 1.000000000000000000 ) ) ;
#2877 = CARTESIAN_POINT ( 'NONE',  ( 1.680000000000000160, 0.1000000000000000056, 0.3500000000000004774 ) ) ;
#2878 = CARTESIAN_POINT ( 'NONE',  ( -0.1500000000000000222, 0.8249999999999999556, 0.7249999999999997558 ) ) ;
#2879 = VECTOR ( 'NONE', #1685, 1000.000000000000000 ) ;
#2880 = FACE_OUTER_BOUND ( 'NONE', #2165, .T. ) ;
#2881 = ORIENTED_EDGE ( 'NONE', *, *, #2053, .F. ) ;
#2882 = FACE_OUTER_BOUND ( 'NONE', #2371, .T. ) ;
#2883 = VECTOR ( 'NONE', #1158, 1000.000000000000000 ) ;
#2884 = CARTESIAN_POINT ( 'NONE',  ( 1.171177354176415220, 1.059111386044237380, 0.7886687960576643786 ) ) ;
#2885 = PLANE ( 'NONE',  #2247 ) ;
#2886 = ORIENTED_EDGE ( 'NONE', *, *, #3223, .F. ) ;
#2887 = VECTOR ( 'NONE', #2703, 1000.000000000000000 ) ;
#2888 = VECTOR ( 'NONE', #3119, 1000.000000000000114 ) ;
#2889 = ORIENTED_EDGE ( 'NONE', *, *, #2433, .T. ) ;
#2890 = DIRECTION ( 'NONE',  ( 0.5735764363510476027, 0.000000000000000000, -0.8191520442889906883 ) ) ;
#2891 = CARTESIAN_POINT ( 'NONE',  ( -1.026446609406727495, 0.5000000000000000000, 1.550000000000000488 ) ) ;
#2892 = CARTESIAN_POINT ( 'NONE',  ( -0.4146380420911702225, 1.149999999999999911, 1.069097964611262830 ) ) ;
#2893 = EDGE_CURVE ( 'NONE', #1097, #2897, #1863, .T. ) ;
#2894 = AXIS2_PLACEMENT_3D ( 'NONE', #1822, #2403, #2930 ) ;
#2895 = LINE ( 'NONE', #2147, #2925 ) ;
#2896 = VECTOR ( 'NONE', #788, 1000.000000000000000 ) ;
#2897 = VERTEX_POINT ( 'NONE', #627 ) ;
#2898 = DIRECTION ( 'NONE',  ( -1.000000000000000000, 0.000000000000000000, -0.000000000000000000 ) ) ;
#2899 = PLANE ( 'NONE',  #2807 ) ;
#2900 = B_SPLINE_CURVE_WITH_KNOTS ( 'NONE', 3,
 ( #2921, #3221, #1908, #583, #2951, #1205, #2254, #2459, #92, #557, #2207, #3244, #882, #1459, #1141, #1167 ),
 .UNSPECIFIED., .F., .F.,
 ( 4, 3, 3, 3, 3, 4 ),
 ( 0.000000000000000000, 4.841583682227545830E-05, 9.677617772847808982E-05, 0.0001459962921911850820, 0.0001975434822249813030, 0.0002425454255779922698 ),
 .UNSPECIFIED. ) ;
#2901 = PLANE ( 'NONE',  #1453 ) ;
#2902 = DIRECTION ( 'NONE',  ( 1.000000000000000000, 0.000000000000000000, 0.000000000000000000 ) ) ;
#2903 = VECTOR ( 'NONE', #3286, 1000.000000000000000 ) ;
#2904 = LINE ( 'NONE', #258, #1711 ) ;
#2905 = ORIENTED_EDGE ( 'NONE', *, *, #1360, .F. ) ;
#2906 = CARTESIAN_POINT ( 'NONE',  ( 1.600000000000000089, 0.000000000000000000, 0.3500000000000005329 ) ) ;
#2907 = FACE_OUTER_BOUND ( 'NONE', #1856, .T. ) ;
#2908 = AXIS2_PLACEMENT_3D ( 'NONE', #3341, #984, #1474 ) ;
#2909 = LINE ( 'NONE', #2834, #1831 ) ;
#2910 = CARTESIAN_POINT ( 'NONE',  ( -1.680000000000000382, 0.000000000000000000, -0.7999999999999998224 ) ) ;
#2911 = DIRECTION ( 'NONE',  ( 3.097720492815724700E-16, 0.000000000000000000, 1.000000000000000000 ) ) ;
#2912 = EDGE_CURVE ( 'NONE', #1961, #1113, #1843, .T. ) ;
#2913 = AXIS2_PLACEMENT_3D ( 'NONE', #333, #561, #858 ) ;
#2914 = ORIENTED_EDGE ( 'NONE', *, *, #1931, .T. ) ;
#2915 = LINE ( 'NONE', #3033, #1775 ) ;
#2916 = VECTOR ( 'NONE', #2654, 1000.000000000000000 ) ;
#2917 = CARTESIAN_POINT ( 'NONE',  ( -1.350000000000000089, 0.000000000000000000, 0.8000000000000002665 ) ) ;
#2918 = ORIENTED_EDGE ( 'NONE', *, *, #2382, .F. ) ;
#2919 = EDGE_CURVE ( 'NONE', #1263, #126, #1750, .T. ) ;
#2920 = DIRECTION ( 'NONE',  ( 0.000000000000000000, 1.000000000000000000, -0.000000000000000000 ) ) ;
#2921 = CARTESIAN_POINT ( 'NONE',  ( 0.07500000000000009437, 0.9500000000000002887, 0.6892024376045107203 ) ) ;
#2922 = AXIS2_PLACEMENT_3D ( 'NONE', #1794, #2100, #963 ) ;
#2923 = CARTESIAN_POINT ( 'NONE',  ( 0.02442052774190749120, 0.8249999999999999556, 0.7046327494028774563 ) ) ;
#2924 = ADVANCED_FACE ( 'NONE', ( #2907 ), #341, .T. ) ;
#2925 = VECTOR ( 'NONE', #2488, 1000.000000000000000 ) ;
#2926 = CIRCLE ( 'NONE', #595, 1.549999999999999600 ) ;
#2927 = ORIENTED_EDGE ( 'NONE', *, *, #1704, .F. ) ;
#2928 = DIRECTION ( 'NONE',  ( 0.000000000000000000, -1.000000000000000000, 0.000000000000000000 ) ) ;
#2929 = ORIENTED_EDGE ( 'NONE', *, *, #818, .F. ) ;
#2930 = DIRECTION ( 'NONE',  ( 0.000000000000000000, 0.000000000000000000, 1.000000000000000000 ) ) ;
#2931 = DIRECTION ( 'NONE',  ( -0.000000000000000000, -1.000000000000000000, -0.000000000000000000 ) ) ;
#2932 = FACE_OUTER_BOUND ( 'NONE', #154, .T. ) ;
#2933 = FACE_OUTER_BOUND ( 'NONE', #1163, .T. ) ;
#2934 = ORIENTED_EDGE ( 'NONE', *, *, #1755, .F. ) ;
#2935 = ORIENTED_EDGE ( 'NONE', *, *, #99, .T. ) ;
#2936 = CARTESIAN_POINT ( 'NONE',  ( -1.350000000000000089, 1.769242250247064163, 0.8000000000000002665 ) ) ;
#2937 = LINE ( 'NONE', #2476, #2879 ) ;
#2938 = FACE_OUTER_BOUND ( 'NONE', #1988, .T. ) ;
#2939 = CARTESIAN_POINT ( 'NONE',  ( 1.749999999999999778, 0.1000000000000000056, -0.3500000000000000333 ) ) ;
#2940 = VERTEX_POINT ( 'NONE', #85 ) ;
#2941 = CARTESIAN_POINT ( 'NONE',  ( -0.3749999999999999445, 1.100000000000000089, -0.1499999999999997724 ) ) ;
#2942 = ORIENTED_EDGE ( 'NONE', *, *, #1043, .F. ) ;
#2943 = EDGE_CURVE ( 'NONE', #2799, #104, #640, .T. ) ;
#2944 = AXIS2_PLACEMENT_3D ( 'NONE', #2508, #232, #2700 ) ;
#2945 = CIRCLE ( 'NONE', #1597, 0.7249999999999999778 ) ;
#2946 = VECTOR ( 'NONE', #1467, 1000.000000000000000 ) ;
#2947 = ORIENTED_EDGE ( 'NONE', *, *, #2174, .F. ) ;
#2948 = EDGE_CURVE ( 'NONE', #746, #1038, #1857, .T. ) ;
#2949 = CARTESIAN_POINT ( 'NONE',  ( 1.564642819948224961, 0.6999999999999996225, -0.3499999999999999778 ) ) ;
#2950 = DIRECTION ( 'NONE',  ( -0.000000000000000000, 1.000000000000000000, -0.000000000000000000 ) ) ;
#2951 = CARTESIAN_POINT ( 'NONE',  ( 0.07500000000000009437, 1.012922940270548411, 0.6756274344027527468 ) ) ;
#2952 = ORIENTED_EDGE ( 'NONE', *, *, #2662, .F. ) ;
#2953 = CIRCLE ( 'NONE', #1196, 1.549999999999999600 ) ;
#2954 = VECTOR ( 'NONE', #3312, 1000.000000000000000 ) ;
#2955 = VERTEX_POINT ( 'NONE', #2449 ) ;
#2956 = DIRECTION ( 'NONE',  ( -1.000000000000000000, 0.000000000000000000, -0.000000000000000000 ) ) ;
#2957 = CARTESIAN_POINT ( 'NONE',  ( 1.151945117454370227, 1.108084538266973063, -0.7550121342305321503 ) ) ;
#2958 = DIRECTION ( 'NONE',  ( 0.7071067811865489050, 0.000000000000000000, 0.7071067811865461294 ) ) ;
#2959 = DIRECTION ( 'NONE',  ( 0.000000000000000000, 0.000000000000000000, 1.000000000000000000 ) ) ;
#2960 = ADVANCED_FACE ( 'NONE', ( #2932 ), #1788, .T. ) ;
#2961 = VECTOR ( 'NONE', #2323, 1000.000000000000000 ) ;
#2962 = VECTOR ( 'NONE', #22, 1000.000000000000000 ) ;
#2963 = ORIENTED_EDGE ( 'NONE', *, *, #872, .F. ) ;
#2964 = CARTESIAN_POINT ( 'NONE',  ( -1.680000000000000382, 0.000000000000000000, 0.9378679656440417345 ) ) ;
#2965 = AXIS2_PLACEMENT_3D ( 'NONE', #3011, #1211, #1753 ) ;
#2966 = DIRECTION ( 'NONE',  ( -0.000000000000000000, -1.000000000000000000, -0.000000000000000000 ) ) ;
#2967 = VERTEX_POINT ( 'NONE', #3255 ) ;
#2968 = FACE_OUTER_BOUND ( 'NONE', #3290, .T. ) ;
#2969 = CIRCLE ( 'NONE', #3258, 1.399999999999999467 ) ;
#2970 = CARTESIAN_POINT ( 'NONE',  ( -0.1499999999999999667, 0.5000000000000000000, -2.168404344971008868E-16 ) ) ;
#2971 = ORIENTED_EDGE ( 'NONE', *, *, #1949, .T. ) ;
#2972 = DIRECTION ( 'NONE',  ( 0.000000000000000000, 0.000000000000000000, 1.000000000000000000 ) ) ;
#2973 = LINE ( 'NONE', #706, #1855 ) ;
#2974 = FACE_OUTER_BOUND ( 'NONE', #337, .T. ) ;
#2975 = DIRECTION ( 'NONE',  ( -0.000000000000000000, 1.000000000000000000, 0.000000000000000000 ) ) ;
#2976 = CARTESIAN_POINT ( 'NONE',  ( 1.364958465056466119, 1.126043131280076048, 0.7329149888624334475 ) ) ;
#2977 = CARTESIAN_POINT ( 'NONE',  ( 1.350000000000000311, 0.5000000000000000000, 1.350000000000000311 ) ) ;
#2978 = CARTESIAN_POINT ( 'NONE',  ( -0.1499999999999999667, 1.149999999999999911, 1.399999999999999245 ) ) ;
#2979 = DIRECTION ( 'NONE',  ( 0.000000000000000000, -1.000000000000000000, 0.000000000000000000 ) ) ;
#2980 = LINE ( 'NONE', #1532, #3126 ) ;
#2981 = FACE_OUTER_BOUND ( 'NONE', #878, .T. ) ;
#2982 = STYLED_ITEM ( 'NONE', ( #957 ), #1380 ) ;
#2983 = ORIENTED_EDGE ( 'NONE', *, *, #1987, .T. ) ;
#2984 = CARTESIAN_POINT ( 'NONE',  ( 1.669999999999999929, 0.1000000000000000056, 0.000000000000000000 ) ) ;
#2985 = DIRECTION ( 'NONE',  ( -0.000000000000000000, -1.000000000000000000, -0.000000000000000000 ) ) ;
#2986 = CARTESIAN_POINT ( 'NONE',  ( -0.1499999999999999667, 3.200609665440988127, -2.168404344971008868E-16 ) ) ;
#2987 = CARTESIAN_POINT ( 'NONE',  ( 0.000000000000000000, 0.000000000000000000, 0.000000000000000000 ) ) ;
#2988 = VECTOR ( 'NONE', #1428, 1000.000000000000000 ) ;
#2989 = FACE_OUTER_BOUND ( 'NONE', #718, .T. ) ;
#2990 = CARTESIAN_POINT ( 'NONE',  ( -0.1499999999999999667, 0.5000000000000000000, -2.168404344971008868E-16 ) ) ;
#2991 = ORIENTED_EDGE ( 'NONE', *, *, #1896, .F. ) ;
#2992 = ADVANCED_FACE ( 'NONE', ( #2968 ), #2511, .F. ) ;
#2993 = DIRECTION ( 'NONE',  ( -0.000000000000000000, -1.000000000000000000, -0.000000000000000000 ) ) ;
#2994 = VECTOR ( 'NONE', #1275, 1000.000000000000000 ) ;
#2995 = LINE ( 'NONE', #2621, #1973 ) ;
#2996 = CARTESIAN_POINT ( 'NONE',  ( -0.2302113988545030632, 1.041666666666666741, 0.9728155856733751161 ) ) ;
#2997 = EDGE_CURVE ( 'NONE', #1322, #2547, #697, .T. ) ;
#2998 = AXIS2_PLACEMENT_3D ( 'NONE', #935, #1185, #2176 ) ;
#2999 = CARTESIAN_POINT ( 'NONE',  ( -1.680000000000000382, 0.000000000000000000, 0.3986414024769028841 ) ) ;
#3000 = VECTOR ( 'NONE', #2428, 1000.000000000000000 ) ;
#3001 = LINE ( 'NONE', #1325, #3071 ) ;
#3002 = EDGE_CURVE ( 'NONE', #3187, #1876, #618, .T. ) ;
#3003 = CARTESIAN_POINT ( 'NONE',  ( 0.000000000000000000, 0.5000000000000000000, 0.000000000000000000 ) ) ;
#3004 = ORIENTED_EDGE ( 'NONE', *, *, #594, .T. ) ;
#3005 = ADVANCED_FACE ( 'NONE', ( #605 ), #2438, .F. ) ;
#3006 = CARTESIAN_POINT ( 'NONE',  ( 1.177591804735174996, 0.9999999999999991118, 0.8000000000000000444 ) ) ;
#3007 = CARTESIAN_POINT ( 'NONE',  ( -0.3749999999999999445, 1.100000000000000089, -0.1499999999999997724 ) ) ;
#3008 = LINE ( 'NONE', #3398, #1926 ) ;
#3009 = VERTEX_POINT ( 'NONE', #1389 ) ;
#3010 = DIRECTION ( 'NONE',  ( -0.000000000000000000, -0.000000000000000000, -1.000000000000000000 ) ) ;
#3011 = CARTESIAN_POINT ( 'NONE',  ( -1.680000000000000382, 0.5000000000000000000, 0.3986414024769032727 ) ) ;
#3012 = DIRECTION ( 'NONE',  ( 0.000000000000000000, 0.000000000000000000, -1.000000000000000000 ) ) ;
#3013 = ORIENTED_EDGE ( 'NONE', *, *, #636, .T. ) ;
#3014 = LINE ( 'NONE', #807, #1951 ) ;
#3015 = SURFACE_STYLE_FILL_AREA ( #1137 ) ;
#3016 = ORIENTED_EDGE ( 'NONE', *, *, #2498, .T. ) ;
#3017 = EDGE_CURVE ( 'NONE', #2227, #2338, #2915, .T. ) ;
#3018 = AXIS2_PLACEMENT_3D ( 'NONE', #1233, #2042, #1721 ) ;
#3019 = CARTESIAN_POINT ( 'NONE',  ( -0.1499999999999998834, 0.9000000000000002442, 0.7249999999999997558 ) ) ;
#3020 = UNCERTAINTY_MEASURE_WITH_UNIT (LENGTH_MEASURE( 1.000000000000000082E-05 ), #1244, 'distance_accuracy_value', 'NONE');
#3021 = EDGE_LOOP ( 'NONE', ( #3249, #566, #1739, #1116 ) ) ;
#3022 = VECTOR ( 'NONE', #1292, 1000.000000000000000 ) ;
#3023 = DIRECTION ( 'NONE',  ( 0.000000000000000000, 1.000000000000000000, 0.000000000000000000 ) ) ;
#3024 = ORIENTED_EDGE ( 'NONE', *, *, #1809, .F. ) ;
#3025 = ADVANCED_FACE ( 'NONE', ( #715 ), #2495, .F. ) ;
#3026 = LINE ( 'NONE', #2084, #3022 ) ;
#3027 = LINE ( 'NONE', #1820, #3036 ) ;
#3028 = CARTESIAN_POINT ( 'NONE',  ( 1.150000000000000133, 0.000000000000000000, -1.550000000000000044 ) ) ;
#3029 = EDGE_LOOP ( 'NONE', ( #3354, #1285 ) ) ;
#3030 = CARTESIAN_POINT ( 'NONE',  ( -0.1499999999999998557, 1.149999999999999911, -1.100000000000000311 ) ) ;
#3031 = DIRECTION ( 'NONE',  ( -0.000000000000000000, -1.000000000000000000, -0.000000000000000000 ) ) ;
#3032 = CARTESIAN_POINT ( 'NONE',  ( -1.680000000000000382, 0.000000000000000000, 0.3499999999999999778 ) ) ;
#3033 = CARTESIAN_POINT ( 'NONE',  ( 0.000000000000000000, 0.1000000000000000056, -0.8000000000000000444 ) ) ;
#3034 = ORIENTED_EDGE ( 'NONE', *, *, #3185, .F. ) ;
#3035 = CIRCLE ( 'NONE', #2831, 0.1499999999999999667 ) ;
#3036 = VECTOR ( 'NONE', #2854, 1000.000000000000000 ) ;
#3037 = VERTEX_POINT ( 'NONE', #1115 ) ;
#3038 = ADVANCED_FACE ( 'NONE', ( #2974 ), #385, .T. ) ;
#3039 = CARTESIAN_POINT ( 'NONE',  ( -0.5250000000000004663, 1.000000000000000000, 2.159934015498465865E-16 ) ) ;
#3040 = CARTESIAN_POINT ( 'NONE',  ( 5.421010862427539919E-16, 0.1000000000000000056, 0.8000000000000015987 ) ) ;
#3041 = CARTESIAN_POINT ( 'NONE',  ( 1.312949816978765893, 1.149994869814331411, -0.6514326056367129025 ) ) ;
#3042 = DIRECTION ( 'NONE',  ( 1.000000000000000000, 0.000000000000000000, 0.000000000000000000 ) ) ;
#3043 = VECTOR ( 'NONE', #1124, 1000.000000000000000 ) ;
#3044 = VECTOR ( 'NONE', #1562, 1000.000000000000000 ) ;
#3045 = ORIENTED_EDGE ( 'NONE', *, *, #1667, .F. ) ;
#3046 = DIRECTION ( 'NONE',  ( -0.000000000000000000, -1.000000000000000000, -0.000000000000000000 ) ) ;
#3047 = EDGE_CURVE ( 'NONE', #1849, #3155, #704, .T. ) ;
#3048 = AXIS2_PLACEMENT_3D ( 'NONE', #2738, #2505, #187 ) ;
#3049 = VECTOR ( 'NONE', #423, 1000.000000000000000 ) ;
#3050 = FACE_OUTER_BOUND ( 'NONE', #2819, .T. ) ;
#3051 = DIRECTION ( 'NONE',  ( 1.807003620809174385E-16, 0.000000000000000000, -1.000000000000000000 ) ) ;
#3052 = EDGE_LOOP ( 'NONE', ( #2097, #285 ) ) ;
#3053 = EDGE_CURVE ( 'NONE', #3388, #3204, #2945, .T. ) ;
#3054 = ORIENTED_EDGE ( 'NONE', *, *, #106, .F. ) ;
#3055 = PRESENTATION_STYLE_ASSIGNMENT (( #461 ) ) ;
#3056 = LINE ( 'NONE', #457, #717 ) ;
#3057 = CARTESIAN_POINT ( 'NONE',  ( 0.07500000000000009437, 1.100000000000000089, -0.5291502622129182765 ) ) ;
#3058 = ORIENTED_EDGE ( 'NONE', *, *, #1255, .F. ) ;
#3059 = EDGE_CURVE ( 'NONE', #877, #1183, #2937, .T. ) ;
#3060 = CARTESIAN_POINT ( 'NONE',  ( -0.3749999999999998890, 1.082584352958826379, -0.6067034221041248676 ) ) ;
#3061 = VECTOR ( 'NONE', #1846, 1000.000000000000000 ) ;
#3062 = FACE_OUTER_BOUND ( 'NONE', #2361, .T. ) ;
#3063 = VERTEX_POINT ( 'NONE', #364 ) ;
#3064 = DIRECTION ( 'NONE',  ( 6.554310450847637865E-16, 0.000000000000000000, 1.000000000000000000 ) ) ;
#3065 = DIRECTION ( 'NONE',  ( -0.000000000000000000, 0.000000000000000000, 1.000000000000000000 ) ) ;
#3066 = PLANE ( 'NONE',  #3367 ) ;
#3067 = CARTESIAN_POINT ( 'NONE',  ( 0.000000000000000000, 0.5000000000000000000, 0.000000000000000000 ) ) ;
#3068 =( LENGTH_UNIT ( ) NAMED_UNIT ( * ) SI_UNIT ( .MILLI., .METRE. ) );
#3069 = ORIENTED_EDGE ( 'NONE', *, *, #2797, .T. ) ;
#3070 = LINE ( 'NONE', #447, #765 ) ;
#3071 = VECTOR ( 'NONE', #805, 1000.000000000000000 ) ;
#3072 = AXIS2_PLACEMENT_3D ( 'NONE', #1593, #2156, #134 ) ;
#3073 = ORIENTED_EDGE ( 'NONE', *, *, #895, .T. ) ;
#3074 = ADVANCED_FACE ( 'NONE', ( #611 ), #2180, .F. ) ;
#3075 = DIRECTION ( 'NONE',  ( -0.000000000000000000, -1.000000000000000000, -0.000000000000000000 ) ) ;
#3076 = DIRECTION ( 'NONE',  ( -7.744301232039322598E-16, 0.000000000000000000, -1.000000000000000000 ) ) ;
#3077 = VECTOR ( 'NONE', #1622, 1000.000000000000000 ) ;
#3078 = LINE ( 'NONE', #2081, #3098 ) ;
#3079 = CARTESIAN_POINT ( 'NONE',  ( -1.000000000000000000, 0.9333333333333333481, 0.3753022067477075896 ) ) ;
#3080 = ORIENTED_EDGE ( 'NONE', *, *, #1021, .F. ) ;
#3081 = CARTESIAN_POINT ( 'NONE',  ( -0.8279196515790158140, 1.041666666666666741, 0.8190539690557557817 ) ) ;
#3082 = FACE_OUTER_BOUND ( 'NONE', #1911, .T. ) ;
#3083 = VECTOR ( 'NONE', #1054, 1000.000000000000000 ) ;
#3084 = CARTESIAN_POINT ( 'NONE',  ( -1.750000000000000222, 0.1199999999999998845, 0.3499999999999999778 ) ) ;
#3085 = ORIENTED_EDGE ( 'NONE', *, *, #876, .T. ) ;
#3086 = PLANE ( 'NONE',  #825 ) ;
#3087 = CARTESIAN_POINT ( 'NONE',  ( 1.670000000000000151, 0.1000000000000000056, 0.4691636196923543167 ) ) ;
#3088 = ORIENTED_EDGE ( 'NONE', *, *, #123, .F. ) ;
#3089 = VECTOR ( 'NONE', #1712, 1000.000000000000000 ) ;
#3090 = EDGE_LOOP ( 'NONE', ( #1731, #2148, #972, #894 ) ) ;
#3091 = CARTESIAN_POINT ( 'NONE',  ( -1.640155295723961792, 0.6420337307994701259, -0.4265409647687218309 ) ) ;
#3092 = EDGE_CURVE ( 'NONE', #37, #1107, #2900, .T. ) ;
#3093 = CARTESIAN_POINT ( 'NONE',  ( 1.750000000000000000, 0.000000000000000000, 0.3500000000000004774 ) ) ;
#3094 = CARTESIAN_POINT ( 'NONE',  ( 1.150000000000000133, 0.5000000000000000000, 1.350000000000000311 ) ) ;
#3095 = CARTESIAN_POINT ( 'NONE',  ( 1.101457838989964078, 1.149733940411213906, 0.6690291113818898072 ) ) ;
#3096 = EDGE_CURVE ( 'NONE', #1015, #1903, #646, .T. ) ;
#3097 = EDGE_LOOP ( 'NONE', ( #2266, #3257, #1722, #3360 ) ) ;
#3098 = VECTOR ( 'NONE', #494, 1000.000000000000000 ) ;
#3099 = ORIENTED_EDGE ( 'NONE', *, *, #2113, .T. ) ;
#3100 = PLANE ( 'NONE',  #2283 ) ;
#3101 = VERTEX_POINT ( 'NONE', #2978 ) ;
#3102 = STYLED_ITEM ( 'NONE', ( #2555 ), #2050 ) ;
#3103 = LINE ( 'NONE', #2178, #1875 ) ;
#3104 = CARTESIAN_POINT ( 'NONE',  ( 0.1146380420911699283, 1.149999999999999911, 1.069097964611262830 ) ) ;
#3105 = EDGE_CURVE ( 'NONE', #384, #2049, #1796, .T. ) ;
#3106 = ORIENTED_EDGE ( 'NONE', *, *, #3172, .T. ) ;
#3107 = LINE ( 'NONE', #477, #821 ) ;
#3108 = SURFACE_SIDE_STYLE ('',( #3147 ) ) ;
#3109 = ORIENTED_EDGE ( 'NONE', *, *, #3185, .T. ) ;
#3110 = DIRECTION ( 'NONE',  ( -0.7071067811865461294, 0.000000000000000000, 0.7071067811865489050 ) ) ;
#3111 = CARTESIAN_POINT ( 'NONE',  ( 1.150000000000000133, 0.5000000000000000000, -1.349999999999999867 ) ) ;
#3112 = DIRECTION ( 'NONE',  ( -0.7071067811865489050, -0.000000000000000000, 0.7071067811865462405 ) ) ;
#3113 = LINE ( 'NONE', #1602, #3043 ) ;
#3114 = EDGE_CURVE ( 'NONE', #104, #3351, #1818, .T. ) ;
#3115 = CARTESIAN_POINT ( 'NONE',  ( -0.1499999999999999667, 0.9000000000000002442, -0.7250000000000001998 ) ) ;
#3116 = CARTESIAN_POINT ( 'NONE',  ( 1.177591804735174996, 0.9999999999999991118, 0.8000000000000000444 ) ) ;
#3117 = AXIS2_PLACEMENT_3D ( 'NONE', #612, #1190, #1435 ) ;
#3118 = CLOSED_SHELL ( 'NONE', ( #2448, #3353, #2556, #761, #2924, #287, #3328, #1242, #644, #1965, #1556, #1415, #1898 ) ) ;
#3119 = DIRECTION ( 'NONE',  ( -0.5735764363510491570, 0.000000000000000000, -0.8191520442889895781 ) ) ;
#3120 = VECTOR ( 'NONE', #2857, 1000.000000000000000 ) ;
#3121 = VECTOR ( 'NONE', #2783, 1000.000000000000000 ) ;
#3122 = AXIS2_PLACEMENT_3D ( 'NONE', #2245, #3211, #2719 ) ;
#3123 = EDGE_LOOP ( 'NONE', ( #874, #771, #94, #417 ) ) ;
#3124 = CARTESIAN_POINT ( 'NONE',  ( -1.000000000000000000, 0.9333333333333333481, 0.3753022067477075896 ) ) ;
#3125 = ORIENTED_EDGE ( 'NONE', *, *, #872, .T. ) ;
#3126 = VECTOR ( 'NONE', #405, 1000.000000000000000 ) ;
#3127 = CIRCLE ( 'NONE', #637, 0.04864140247690286467 ) ;
#3128 = CARTESIAN_POINT ( 'NONE',  ( 1.350000000000000311, 0.5000000000000000000, -0.8000000000000001554 ) ) ;
#3129 = ORIENTED_EDGE ( 'NONE', *, *, #1798, .F. ) ;
#3130 = DIRECTION ( 'NONE',  ( 0.7071067811865489050, 0.000000000000000000, 0.7071067811865461294 ) ) ;
#3131 = VERTEX_POINT ( 'NONE', #3007 ) ;
#3132 = DIRECTION ( 'NONE',  ( 1.000000000000000000, -0.000000000000000000, 0.000000000000000000 ) ) ;
#3133 = DIRECTION ( 'NONE',  ( 0.000000000000000000, 1.000000000000000000, 0.000000000000000000 ) ) ;
#3134 = EDGE_CURVE ( 'NONE', #1147, #2386, #2953, .T. ) ;
#3135 = COLOUR_RGB ( '',0.7921568627450980005, 0.8196078431372548767, 0.9333333333333333481 ) ;
#3136 = ORIENTED_EDGE ( 'NONE', *, *, #513, .F. ) ;
#3137 = EDGE_CURVE ( 'NONE', #1996, #964, #1830, .T. ) ;
#3138 =( GEOMETRIC_REPRESENTATION_CONTEXT ( 3 ) GLOBAL_UNCERTAINTY_ASSIGNED_CONTEXT ( ( #1226 ) ) GLOBAL_UNIT_ASSIGNED_CONTEXT ( ( #3068, #945, #3356 ) ) REPRESENTATION_CONTEXT ( 'NONE', 'WORKASPACE' ) );
#3139 = CARTESIAN_POINT ( 'NONE',  ( -0.1499999999999997724, 1.000000000000000000, 1.549999999999999378 ) ) ;
#3140 = CARTESIAN_POINT ( 'NONE',  ( -1.750000000000000000, 0.000000000000000000, 0.8000000000000002665 ) ) ;
#3141 = ORIENTED_EDGE ( 'NONE', *, *, #3348, .T. ) ;
#3142 = FACE_OUTER_BOUND ( 'NONE', #2648, .T. ) ;
#3143 = ORIENTED_EDGE ( 'NONE', *, *, #1490, .F. ) ;
#3144 = B_SPLINE_CURVE_WITH_KNOTS ( 'NONE', 3,
 ( #3116, #482, #1854, #1536, #2884, #1507, #2602, #1801, #1557, #3385, #1827, #2309, #1778, #241, #3095, #2106, #2089, #766, #2342 ),
 .UNSPECIFIED., .F., .F.,
 ( 4, 3, 3, 3, 3, 3, 4 ),
 ( 8.741117365843378158E-19, 4.554337164801555205E-05, 9.093373859754973025E-05, 0.0001385174403786074431, 0.0001919912582975825130, 0.0002508381866055322141, 0.0002534410096417303681 ),
 .UNSPECIFIED. ) ;
#3145 = CARTESIAN_POINT ( 'NONE',  ( -1.680000000000000382, 0.000000000000000000, 0.4834450997597750654 ) ) ;
#3146 = DIRECTION ( 'NONE',  ( -0.7071067811865513475, 0.000000000000000000, 0.7071067811865437980 ) ) ;
#3147 = SURFACE_STYLE_FILL_AREA ( #1264 ) ;
#3148 = ORIENTED_EDGE ( 'NONE', *, *, #12, .T. ) ;
#3149 = VERTEX_POINT ( 'NONE', #716 ) ;
#3150 = DIRECTION ( 'NONE',  ( 0.000000000000000000, 0.000000000000000000, 1.000000000000000000 ) ) ;
#3151 = AXIS2_PLACEMENT_3D ( 'NONE', #2731, #616, #913 ) ;
#3152 = VERTEX_POINT ( 'NONE', #2304 ) ;
#3153 = SURFACE_STYLE_FILL_AREA ( #1215 ) ;
#3154 = CARTESIAN_POINT ( 'NONE',  ( -0.3749999999999998890, 3.200609665440988127, -0.6892024376045112755 ) ) ;
#3155 = VERTEX_POINT ( 'NONE', #2568 ) ;
#3156 = CARTESIAN_POINT ( 'NONE',  ( -1.680000000000000382, 0.5000000000000000000, -0.2481934729198121137 ) ) ;
#3157 = CARTESIAN_POINT ( 'NONE',  ( 1.749999999999999778, 0.1000000000000000056, -5.421010862427517240E-16 ) ) ;
#3158 = AXIS2_PLACEMENT_3D ( 'NONE', #3229, #2902, #2691 ) ;
#3159 = ORIENTED_EDGE ( 'NONE', *, *, #2040, .T. ) ;
#3160 = EDGE_CURVE ( 'NONE', #3253, #2090, #687, .T. ) ;
#3161 = ORIENTED_EDGE ( 'NONE', *, *, #2208, .F. ) ;
#3162 = VERTEX_POINT ( 'NONE', #2598 ) ;
#3163 = CARTESIAN_POINT ( 'NONE',  ( -1.680000000000000382, 0.5000000000000000000, -0.9378679656440411794 ) ) ;
#3164 = DIRECTION ( 'NONE',  ( 0.000000000000000000, 0.000000000000000000, 1.000000000000000000 ) ) ;
#3165 = ORIENTED_EDGE ( 'NONE', *, *, #2782, .F. ) ;
#3166 =( NAMED_UNIT ( * ) PLANE_ANGLE_UNIT ( ) SI_UNIT ( $, .RADIAN. ) );
#3167 = CYLINDRICAL_SURFACE ( 'NONE', #3315, 0.1499999999999999667 ) ;
#3168 = ORIENTED_EDGE ( 'NONE', *, *, #456, .F. ) ;
#3169 = DIRECTION ( 'NONE',  ( -1.000000000000000000, 0.000000000000000000, 0.000000000000000000 ) ) ;
#3170 = EDGE_LOOP ( 'NONE', ( #2146, #490, #1326, #2389 ) ) ;
#3171 = CARTESIAN_POINT ( 'NONE',  ( -0.08007211381915119164, 0.9333333333333333481, 0.8480956387921729789 ) ) ;
#3172 = EDGE_CURVE ( 'NONE', #709, #208, #2980, .T. ) ;
#3173 = CARTESIAN_POINT ( 'NONE',  ( 0.9500000000000000666, 1.149999999999999911, -0.6071065109154103467 ) ) ;
#3174 = DIRECTION ( 'NONE',  ( 0.000000000000000000, 0.000000000000000000, 1.000000000000000000 ) ) ;
#3175 = LINE ( 'NONE', #2688, #903 ) ;
#3176 = CARTESIAN_POINT ( 'NONE',  ( 1.177591804735174996, -1.654819834129047207, -0.8000000000000000444 ) ) ;
#3177 = EDGE_LOOP ( 'NONE', ( #871, #2630, #1131, #1095 ) ) ;
#3178 = CARTESIAN_POINT ( 'NONE',  ( -1.680000000000000382, 0.1199999999999998845, -0.4834450997597750654 ) ) ;
#3179 = ORIENTED_EDGE ( 'NONE', *, *, #2328, .T. ) ;
#3180 = EDGE_CURVE ( 'NONE', #2227, #1354, #3026, .T. ) ;
#3181 = AXIS2_PLACEMENT_3D ( 'NONE', #3003, #1800, #2675 ) ;
#3182 = CARTESIAN_POINT ( 'NONE',  ( -1.750000000000000222, 0.1199999999999998845, -0.3499999999999999778 ) ) ;
#3183 = AXIS2_PLACEMENT_3D ( 'NONE', #861, #1235, #2464 ) ;
#3184 = VECTOR ( 'NONE', #2569, 1000.000000000000000 ) ;
#3185 = EDGE_CURVE ( 'NONE', #1626, #1849, #1995, .T. ) ;
#3186 = ORIENTED_EDGE ( 'NONE', *, *, #3059, .T. ) ;
#3187 = VERTEX_POINT ( 'NONE', #1310 ) ;
#3188 =( NAMED_UNIT ( * ) SI_UNIT ( $, .STERADIAN. ) SOLID_ANGLE_UNIT ( ) );
#3189 = CARTESIAN_POINT ( 'NONE',  ( 1.679999999999999938, 0.1000000000000000056, -0.3500000000000000333 ) ) ;
#3190 = CYLINDRICAL_SURFACE ( 'NONE', #1553, 0.2000000000000000944 ) ;
#3191 = ORIENTED_EDGE ( 'NONE', *, *, #223, .T. ) ;
#3192 = EDGE_LOOP ( 'NONE', ( #2393, #2154, #283, #297, #1357, #2514 ) ) ;
#3193 = VERTEX_POINT ( 'NONE', #3087 ) ;
#3194 = EDGE_LOOP ( 'NONE', ( #1654, #1845, #682, #325 ) ) ;
#3195 = CARTESIAN_POINT ( 'NONE',  ( 1.599999999999999867, 0.5500000000000000444, -0.3499999999999999223 ) ) ;
#3196 = VECTOR ( 'NONE', #1385, 1000.000000000000000 ) ;
#3197 = ORIENTED_EDGE ( 'NONE', *, *, #1368, .F. ) ;
#3198 =( LENGTH_UNIT ( ) NAMED_UNIT ( * ) SI_UNIT ( .MILLI., .METRE. ) );
#3199 = CARTESIAN_POINT ( 'NONE',  ( 0.08456553730808245850, 1.041666666666666741, 0.9476095595418009276 ) ) ;
#3200 = AXIS2_PLACEMENT_3D ( 'NONE', #3176, #1885, #2956 ) ;
#3201 = VERTEX_POINT ( 'NONE', #1551 ) ;
#3202 = LINE ( 'NONE', #2732, #3121 ) ;
#3203 = DIRECTION ( 'NONE',  ( -0.000000000000000000, 1.000000000000000000, -0.000000000000000000 ) ) ;
#3204 = VERTEX_POINT ( 'NONE', #1058 ) ;
#3205 = CARTESIAN_POINT ( 'NONE',  ( -0.1499999999999999667, 1.000000000000000000, -2.168404344971008868E-16 ) ) ;
#3206 = ORIENTED_EDGE ( 'NONE', *, *, #2274, .F. ) ;
#3207 = DIRECTION ( 'NONE',  ( 0.7071067811865489050, 0.000000000000000000, 0.7071067811865461294 ) ) ;
#3208 = DIRECTION ( 'NONE',  ( 1.000000000000000000, 0.000000000000000000, -3.097720492815725193E-16 ) ) ;
#3209 = VECTOR ( 'NONE', #2576, 1000.000000000000000 ) ;
#3210 = ORIENTED_EDGE ( 'NONE', *, *, #1618, .F. ) ;
#3211 = DIRECTION ( 'NONE',  ( 0.000000000000000000, 1.000000000000000000, 0.000000000000000000 ) ) ;
#3212 = TOROIDAL_SURFACE ( 'NONE', #2640, 1.399999999999999467, 0.1499999999999999944 ) ;
#3213 = DIRECTION ( 'NONE',  ( 0.000000000000000000, 0.000000000000000000, -1.000000000000000000 ) ) ;
#3214 = ORIENTED_EDGE ( 'NONE', *, *, #895, .F. ) ;
#3215 = ORIENTED_EDGE ( 'NONE', *, *, #1427, .T. ) ;
#3216 = CARTESIAN_POINT ( 'NONE',  ( -1.750000000000000222, 0.000000000000000000, 0.3499999999999999778 ) ) ;
#3217 = ORIENTED_EDGE ( 'NONE', *, *, #3053, .F. ) ;
#3218 = VECTOR ( 'NONE', #2744, 1000.000000000000000 ) ;
#3219 = ORIENTED_EDGE ( 'NONE', *, *, #1217, .T. ) ;
#3220 = DIRECTION ( 'NONE',  ( 0.000000000000000000, 0.000000000000000000, 1.000000000000000000 ) ) ;
#3221 = CARTESIAN_POINT ( 'NONE',  ( 0.07500000000000009437, 0.9661386122740921456, 0.6892024376045107203 ) ) ;
#3222 = CARTESIAN_POINT ( 'NONE',  ( -0.03221578500247239407, 0.8249999999999999556, 0.7162534941504044017 ) ) ;
#3223 = EDGE_CURVE ( 'NONE', #3063, #164, #1869, .T. ) ;
#3224 = FACE_OUTER_BOUND ( 'NONE', #1172, .T. ) ;
#3225 = EDGE_CURVE ( 'NONE', #2049, #1668, #737, .T. ) ;
#3226 = PLANE ( 'NONE',  #2913 ) ;
#3227 = CARTESIAN_POINT ( 'NONE',  ( 1.177591804735174996, 1.015181123882671788, -0.8000000000000000444 ) ) ;
#3228 = EDGE_CURVE ( 'NONE', #3303, #1870, #3070, .T. ) ;
#3229 = CARTESIAN_POINT ( 'NONE',  ( 0.07500000000000009437, 0.9000000000000001332, 0.7500000000000001110 ) ) ;
#3230 =( GEOMETRIC_REPRESENTATION_CONTEXT ( 3 ) GLOBAL_UNCERTAINTY_ASSIGNED_CONTEXT ( ( #2728 ) ) GLOBAL_UNIT_ASSIGNED_CONTEXT ( ( #3198, #133, #317 ) ) REPRESENTATION_CONTEXT ( 'NONE', 'WORKASPACE' ) );
#3231 = EDGE_CURVE ( 'NONE', #1903, #1060, #783, .T. ) ;
#3232 = CARTESIAN_POINT ( 'NONE',  ( -1.350000000000000311, 0.000000000000000000, -0.7999999999999998224 ) ) ;
#3233 = FACE_OUTER_BOUND ( 'NONE', #2641, .T. ) ;
#3234 = DIRECTION ( 'NONE',  ( 0.000000000000000000, -1.000000000000000000, 0.000000000000000000 ) ) ;
#3235 = VECTOR ( 'NONE', #3382, 1000.000000000000000 ) ;
#3236 = CARTESIAN_POINT ( 'NONE',  ( -0.3749999999999998890, 1.100000000000000089, 0.1500000000000002165 ) ) ;
#3237 = CARTESIAN_POINT ( 'NONE',  ( -1.750000000000000000, 0.1199999999999999956, 0.8000000000000002665 ) ) ;
#3238 = CARTESIAN_POINT ( 'NONE',  ( 1.372747686349488960, 1.115753134550486969, 0.7454002717093523023 ) ) ;
#3239 = FACE_OUTER_BOUND ( 'NONE', #1069, .T. ) ;
#3240 = AXIS2_PLACEMENT_3D ( 'NONE', #2034, #2402, #1369 ) ;
#3241 = ADVANCED_FACE ( 'NONE', ( #743 ), #1516, .T. ) ;
#3242 = CARTESIAN_POINT ( 'NONE',  ( 1.670000000000000151, 0.1000000000000000056, 0.4691636196923543167 ) ) ;
#3243 = ORIENTED_EDGE ( 'NONE', *, *, #1217, .F. ) ;
#3244 = CARTESIAN_POINT ( 'NONE',  ( 0.07500000000000009437, 1.089695947604426118, 0.5905759051148194994 ) ) ;
#3245 = CARTESIAN_POINT ( 'NONE',  ( -0.5501383821942473773, 0.8249999999999999556, -0.7250000000000001998 ) ) ;
#3246 = FACE_OUTER_BOUND ( 'NONE', #2204, .T. ) ;
#3247 = DIRECTION ( 'NONE',  ( -6.554310450847637865E-16, 0.000000000000000000, -1.000000000000000000 ) ) ;
#3248 = PRESENTATION_LAYER_ASSIGNMENT (  '', '', ( #2982 ) ) ;
#3249 = ORIENTED_EDGE ( 'NONE', *, *, #1664, .F. ) ;
#3250 = ORIENTED_EDGE ( 'NONE', *, *, #2072, .F. ) ;
#3251 = PLANE ( 'NONE',  #1894 ) ;
#3252 = DIRECTION ( 'NONE',  ( 0.000000000000000000, 0.000000000000000000, 1.000000000000000000 ) ) ;
#3253 = VERTEX_POINT ( 'NONE', #218 ) ;
#3254 = CARTESIAN_POINT ( 'NONE',  ( 1.669999999999999929, 0.000000000000000000, -0.4691636196923538726 ) ) ;
#3255 = CARTESIAN_POINT ( 'NONE',  ( -1.203223304703363139, 0.5000000000000000000, -1.476776695296637687 ) ) ;
#3256 = VECTOR ( 'NONE', #1052, 1000.000000000000000 ) ;
#3257 = ORIENTED_EDGE ( 'NONE', *, *, #84, .T. ) ;
#3258 = AXIS2_PLACEMENT_3D ( 'NONE', #2410, #1359, #2493 ) ;
#3259 = EDGE_LOOP ( 'NONE', ( #1187, #1336, #246, #2213 ) ) ;
#3260 = CARTESIAN_POINT ( 'NONE',  ( -0.1499999999999999667, 0.5000000000000000000, 1.550000000000000488 ) ) ;
#3261 = CARTESIAN_POINT ( 'NONE',  ( 1.405019975759741691, 1.030161193230747285, 0.7976737091207903863 ) ) ;
#3262 = CYLINDRICAL_SURFACE ( 'NONE', #2478, 1.549999999999999822 ) ;
#3263 = CARTESIAN_POINT ( 'NONE',  ( 1.350000000000000533, 0.1000000000000000056, 0.3905124837953301564 ) ) ;
#3264 = ORIENTED_EDGE ( 'NONE', *, *, #2893, .F. ) ;
#3265 = DIRECTION ( 'NONE',  ( -1.000000000000000000, 0.000000000000000000, -0.000000000000000000 ) ) ;
#3266 = ORIENTED_EDGE ( 'NONE', *, *, #433, .F. ) ;
#3267 = CARTESIAN_POINT ( 'NONE',  ( 0.07500000000000009437, 1.100000000000000089, -2.168404344971008868E-16 ) ) ;
#3268 = DIRECTION ( 'NONE',  ( 0.000000000000000000, 0.000000000000000000, -1.000000000000000000 ) ) ;
#3269 = CARTESIAN_POINT ( 'NONE',  ( 1.669999999999999929, 0.1000000000000000056, -0.4691636196923538726 ) ) ;
#3270 = VECTOR ( 'NONE', #2626, 1000.000000000000000 ) ;
#3271 = ADVANCED_FACE ( 'NONE', ( #835, #747 ), #2058, .T. ) ;
#3272 = CARTESIAN_POINT ( 'NONE',  ( 1.669999999999999929, 0.1000000000000000056, -1.094569845291555283E-15 ) ) ;
#3273 = CARTESIAN_POINT ( 'NONE',  ( 1.679999999999999938, 0.000000000000000000, -0.3986414024769028841 ) ) ;
#3274 = EDGE_CURVE ( 'NONE', #3204, #3282, #551, .T. ) ;
#3275 = ORIENTED_EDGE ( 'NONE', *, *, #1450, .T. ) ;
#3276 = DIRECTION ( 'NONE',  ( 0.000000000000000000, 0.000000000000000000, -1.000000000000000000 ) ) ;
#3277 = PRODUCT_CONTEXT ( 'NONE', #1694, 'mechanical' ) ;
#3278 = MANIFOLD_SOLID_BREP ( 'Fillet4', #1434 ) ;
#3279 = CARTESIAN_POINT ( 'NONE',  ( 1.564642819948224517, -1.654819834129047207, 0.3500000000000005329 ) ) ;
#3280 = CIRCLE ( 'NONE', #3240, 1.750000000000000222 ) ;
#3281 = ORIENTED_EDGE ( 'NONE', *, *, #475, .F. ) ;
#3282 = VERTEX_POINT ( 'NONE', #2670 ) ;
#3283 = EDGE_CURVE ( 'NONE', #2214, #259, #3014, .T. ) ;
#3284 = ORIENTED_EDGE ( 'NONE', *, *, #3330, .F. ) ;
#3285 = DIRECTION ( 'NONE',  ( 0.000000000000000000, 1.000000000000000000, -0.000000000000000000 ) ) ;
#3286 = DIRECTION ( 'NONE',  ( -0.5735764363510481578, 0.000000000000000000, 0.8191520442889902442 ) ) ;
#3287 = ORIENTED_EDGE ( 'NONE', *, *, #1328, .T. ) ;
#3288 = LINE ( 'NONE', #1120, #1059 ) ;
#3289 = ORIENTED_EDGE ( 'NONE', *, *, #84, .F. ) ;
#3290 = EDGE_LOOP ( 'NONE', ( #2983, #2914, #2334, #74 ) ) ;
#3291 = DIRECTION ( 'NONE',  ( 1.000000000000000000, -0.000000000000000000, 0.000000000000000000 ) ) ;
#3292 = PLANE ( 'NONE',  #1181 ) ;
#3293 = FACE_OUTER_BOUND ( 'NONE', #2518, .T. ) ;
#3294 = DIRECTION ( 'NONE',  ( 0.000000000000000000, 0.000000000000000000, 1.000000000000000000 ) ) ;
#3295 = DIRECTION ( 'NONE',  ( -0.8191520442889895781, 0.000000000000000000, 0.5735764363510491570 ) ) ;
#3296 = DIRECTION ( 'NONE',  ( -0.000000000000000000, -1.000000000000000000, -0.000000000000000000 ) ) ;
#3297 = ORIENTED_EDGE ( 'NONE', *, *, #3338, .T. ) ;
#3298 = VECTOR ( 'NONE', #3247, 1000.000000000000000 ) ;
#3299 = CARTESIAN_POINT ( 'NONE',  ( -1.350000000000000089, 0.1199999999999999956, 0.8000000000000002665 ) ) ;
#3300 = CARTESIAN_POINT ( 'NONE',  ( -1.658835445076447090, 0.5000000000000000000, -0.3548458815893971163 ) ) ;
#3301 = ORIENTED_EDGE ( 'NONE', *, *, #335, .F. ) ;
#3302 = AXIS2_PLACEMENT_3D ( 'NONE', #452, #699, #1040 ) ;
#3303 = VERTEX_POINT ( 'NONE', #522 ) ;
#3304 = CARTESIAN_POINT ( 'NONE',  ( 1.347056235623867559, 1.139722719483142077, -0.7045670382212122496 ) ) ;
#3305 = DIRECTION ( 'NONE',  ( 0.000000000000000000, -1.000000000000000000, 0.000000000000000000 ) ) ;
#3306 = EDGE_CURVE ( 'NONE', #2228, #1626, #3035, .T. ) ;
#3307 = VECTOR ( 'NONE', #1709, 1000.000000000000000 ) ;
#3308 = ADVANCED_FACE ( 'NONE', ( #770 ), #1915, .T. ) ;
#3309 = CARTESIAN_POINT ( 'NONE',  ( -0.1499999999999999667, 1.149999999999999911, -2.168404344971008868E-16 ) ) ;
#3310 = VERTEX_POINT ( 'NONE', #1866 ) ;
#3311 = ORIENTED_EDGE ( 'NONE', *, *, #1545, .F. ) ;
#3312 = DIRECTION ( 'NONE',  ( -0.000000000000000000, 0.000000000000000000, 1.000000000000000000 ) ) ;
#3313 = DIRECTION ( 'NONE',  ( 1.000000000000000000, 0.000000000000000000, -6.776263578034411587E-16 ) ) ;
#3314 = EDGE_CURVE ( 'NONE', #1322, #1097, #1902, .T. ) ;
#3315 = AXIS2_PLACEMENT_3D ( 'NONE', #1600, #2928, #1888 ) ;
#3316 = EDGE_LOOP ( 'NONE', ( #2929, #2273, #2935, #2160 ) ) ;
#3317 = VERTEX_POINT ( 'NONE', #322 ) ;
#3318 =( GEOMETRIC_REPRESENTATION_CONTEXT ( 3 ) GLOBAL_UNCERTAINTY_ASSIGNED_CONTEXT ( ( #1641 ) ) GLOBAL_UNIT_ASSIGNED_CONTEXT ( ( #372, #2020, #1463 ) ) REPRESENTATION_CONTEXT ( 'NONE', 'WORKASPACE' ) );
#3319 = AXIS2_PLACEMENT_3D ( 'NONE', #1646, #967, #3276 ) ;
#3320 = CIRCLE ( 'NONE', #2823, 1.750000000000000222 ) ;
#3321 = DIRECTION ( 'NONE',  ( -0.000000000000000000, -1.000000000000000000, -0.000000000000000000 ) ) ;
#3322 = ORIENTED_EDGE ( 'NONE', *, *, #2599, .T. ) ;
#3323 = VERTEX_POINT ( 'NONE', #2140 ) ;
#3324 = EDGE_CURVE ( 'NONE', #877, #964, #856, .T. ) ;
#3325 = CARTESIAN_POINT ( 'NONE',  ( -0.1499999999999999667, 0.5000000000000000000, -2.168404344971008868E-16 ) ) ;
#3326 = ORIENTED_EDGE ( 'NONE', *, *, #2094, .F. ) ;
#3327 = CARTESIAN_POINT ( 'NONE',  ( -0.1499999999999999667, 1.149999999999999911, -2.168404344971008868E-16 ) ) ;
#3328 = ADVANCED_FACE ( 'NONE', ( #1925 ), #277, .F. ) ;
#3329 = AXIS2_PLACEMENT_3D ( 'NONE', #499, #543, #82 ) ;
#3330 = EDGE_CURVE ( 'NONE', #564, #1961, #3113, .T. ) ;
#3331 = VECTOR ( 'NONE', #992, 1000.000000000000000 ) ;
#3332 = ORIENTED_EDGE ( 'NONE', *, *, #2431, .T. ) ;
#3333 = UNCERTAINTY_MEASURE_WITH_UNIT (LENGTH_MEASURE( 1.000000000000000082E-05 ), #758, 'distance_accuracy_value', 'NONE');
#3334 = CARTESIAN_POINT ( 'NONE',  ( 1.350000000000000311, 0.5000000000000000000, 1.550000000000000488 ) ) ;
#3335 = FACE_OUTER_BOUND ( 'NONE', #2543, .T. ) ;
#3336 = ADVANCED_FACE ( 'NONE', ( #757 ), #836, .T. ) ;
#3337 = DIRECTION ( 'NONE',  ( 0.000000000000000000, 0.000000000000000000, 1.000000000000000000 ) ) ;
#3338 = EDGE_CURVE ( 'NONE', #2055, #2955, #829, .T. ) ;
#3339 = ORIENTED_EDGE ( 'NONE', *, *, #231, .T. ) ;
#3340 = CARTESIAN_POINT ( 'NONE',  ( -0.1499999999999999667, 1.000000000000000000, -1.549999999999999822 ) ) ;
#3341 = CARTESIAN_POINT ( 'NONE',  ( 1.177591804735174996, -1.654819834129047207, 0.8000000000000000444 ) ) ;
#3342 = DIRECTION ( 'NONE',  ( 0.000000000000000000, 0.000000000000000000, 1.000000000000000000 ) ) ;
#3343 = FACE_OUTER_BOUND ( 'NONE', #1136, .T. ) ;
#3344 = EDGE_LOOP ( 'NONE', ( #3, #1028 ) ) ;
#3345 = DIRECTION ( 'NONE',  ( 0.000000000000000000, 0.000000000000000000, 1.000000000000000000 ) ) ;
#3346 = ORIENTED_EDGE ( 'NONE', *, *, #1657, .T. ) ;
#3347 = CARTESIAN_POINT ( 'NONE',  ( -0.3749999999999998890, 1.094147020653047253, -0.5739670151702022105 ) ) ;
#3348 = EDGE_CURVE ( 'NONE', #261, #991, #813, .T. ) ;
#3349 = EDGE_LOOP ( 'NONE', ( #1752, #1301, #2284, #2859, #2263, #725, #3058, #24, #864, #2255, #3148, #2339 ) ) ;
#3350 = LINE ( 'NONE', #3272, #3298 ) ;
#3351 = VERTEX_POINT ( 'NONE', #2164 ) ;
#3352 = CARTESIAN_POINT ( 'NONE',  ( -1.680000000000000382, 0.1199999999999999956, 0.4834450997597755095 ) ) ;
#3353 = ADVANCED_FACE ( 'NONE', ( #2001 ), #121, .T. ) ;
#3354 = ORIENTED_EDGE ( 'NONE', *, *, #1128, .F. ) ;
#3355 = CARTESIAN_POINT ( 'NONE',  ( -1.680000000000000382, 1.769242250247064163, -0.7999999999999998224 ) ) ;
#3356 =( NAMED_UNIT ( * ) SI_UNIT ( $, .STERADIAN. ) SOLID_ANGLE_UNIT ( ) );
#3357 = DIRECTION ( 'NONE',  ( -0.000000000000000000, 1.000000000000000000, -0.000000000000000000 ) ) ;
#3358 = DIRECTION ( 'NONE',  ( 0.000000000000000000, 1.000000000000000000, 0.000000000000000000 ) ) ;
#3359 = ORIENTED_EDGE ( 'NONE', *, *, #1623, .T. ) ;
#3360 = ORIENTED_EDGE ( 'NONE', *, *, #1061, .T. ) ;
#3361 = EDGE_CURVE ( 'NONE', #564, #1291, #1905, .T. ) ;
#3362 =( GEOMETRIC_REPRESENTATION_CONTEXT ( 3 ) GLOBAL_UNCERTAINTY_ASSIGNED_CONTEXT ( ( #831 ) ) GLOBAL_UNIT_ASSIGNED_CONTEXT ( ( #9, #3166, #1386 ) ) REPRESENTATION_CONTEXT ( 'NONE', 'WORKASPACE' ) );
#3363 = DIRECTION ( 'NONE',  ( 0.000000000000000000, 1.000000000000000000, 0.000000000000000000 ) ) ;
#3364 = CARTESIAN_POINT ( 'NONE',  ( 0.02442052774190749120, 0.8249999999999999556, 0.7046327494028774563 ) ) ;
#3365 = LINE ( 'NONE', #2984, #2125 ) ;
#3366 = CARTESIAN_POINT ( 'NONE',  ( -0.6540940998920885541, 0.8249999999999999556, 0.6090401308363311284 ) ) ;
#3367 = AXIS2_PLACEMENT_3D ( 'NONE', #3355, #412, #3012 ) ;
#3368 = EDGE_LOOP ( 'NONE', ( #294, #245, #3179, #3161 ) ) ;
#3369 = CARTESIAN_POINT ( 'NONE',  ( 1.406438241627338215, 1.014976635968050989, -0.8000000000000001554 ) ) ;
#3370 = EDGE_CURVE ( 'NONE', #1852, #1950, #1873, .T. ) ;
#3371 = ORIENTED_EDGE ( 'NONE', *, *, #1495, .F. ) ;
#3372 = PLANE ( 'NONE',  #960 ) ;
#3373 = CARTESIAN_POINT ( 'NONE',  ( -0.1499999999999999667, 1.000000000000000000, -2.168404344971008868E-16 ) ) ;
#3374 = B_SPLINE_CURVE_WITH_KNOTS ( 'NONE', 3,
 ( #2356, #1601, #1290, #336, #2629, #254 ),
 .UNSPECIFIED., .F., .F.,
 ( 4, 2, 4 ),
 ( 0.000000000000000000, 0.0001212709030979453940, 0.0002425418061958907879 ),
 .UNSPECIFIED. ) ;
#3375 = ADVANCED_FACE ( 'NONE', ( #789 ), #892, .T. ) ;
#3376 = ORIENTED_EDGE ( 'NONE', *, *, #3092, .T. ) ;
#3377 = ORIENTED_EDGE ( 'NONE', *, *, #1490, .T. ) ;
#3378 = CARTESIAN_POINT ( 'NONE',  ( 1.600000000000000089, 0.6999999999999999556, 0.3500000000000005329 ) ) ;
#3379 = ORIENTED_EDGE ( 'NONE', *, *, #149, .F. ) ;
#3380 = VERTEX_POINT ( 'NONE', #862 ) ;
#3381 = CARTESIAN_POINT ( 'NONE',  ( 1.600000000000000089, 0.6999999999999999556, 0.3500000000000005329 ) ) ;
#3382 = DIRECTION ( 'NONE',  ( -0.000000000000000000, 1.000000000000000000, -0.000000000000000000 ) ) ;
#3383 = ORIENTED_EDGE ( 'NONE', *, *, #1584, .F. ) ;
#3384 = EDGE_LOOP ( 'NONE', ( #3214, #2252, #2045, #1377 ) ) ;
#3385 = CARTESIAN_POINT ( 'NONE',  ( 1.145396261258353698, 1.117132941084115760, 0.7437009824547484715 ) ) ;
#3386 = CARTESIAN_POINT ( 'NONE',  ( 0.000000000000000000, 0.5000000000000000000, 0.000000000000000000 ) ) ;
#3387 = EDGE_CURVE ( 'NONE', #2203, #2537, #370, .T. ) ;
#3388 = VERTEX_POINT ( 'NONE', #1174 ) ;
#3389 = ADVANCED_FACE ( 'NONE', ( #3082 ), #2525, .F. ) ;
#3390 = EDGE_LOOP ( 'NONE', ( #3400, #3109, #2021 ) ) ;
#3391 = DIRECTION ( 'NONE',  ( 1.734723475976807094E-15, 0.000000000000000000, 1.000000000000000000 ) ) ;
#3392 = CARTESIAN_POINT ( 'NONE',  ( -0.3244205277419075495, 0.8249999999999999556, 0.7046327494028774563 ) ) ;
#3393 = ORIENTED_EDGE ( 'NONE', *, *, #2241, .F. ) ;
#3394 = ORIENTED_EDGE ( 'NONE', *, *, #1618, .T. ) ;
#3395 = DIRECTION ( 'NONE',  ( 0.000000000000000000, 1.000000000000000000, 0.000000000000000000 ) ) ;
#3396 = ORIENTED_EDGE ( 'NONE', *, *, #2564, .T. ) ;
#3397 =( NAMED_UNIT ( * ) PLANE_ANGLE_UNIT ( ) SI_UNIT ( $, .RADIAN. ) );
#3398 = CARTESIAN_POINT ( 'NONE',  ( -1.203223304703363139, 0.5000000000000000000, 1.476776695296638131 ) ) ;
#3399 = DIRECTION ( 'NONE',  ( 0.000000000000000000, 1.000000000000000000, 0.000000000000000000 ) ) ;
#3400 = ORIENTED_EDGE ( 'NONE', *, *, #968, .T. ) ;
#3401 = CARTESIAN_POINT ( 'NONE',  ( -0.3749999999999998890, 1.089695947604426118, -0.5905759051148198324 ) ) ;
#3402 = STYLED_ITEM ( 'NONE', ( #531 ), #2704 ) ;
#3403 = ORIENTED_EDGE ( 'NONE', *, *, #985, .T. ) ;
ENDSEC;
END-ISO-10303-21;
